,primary_key,location_code,location,plastics_polymer,plastics_applications,total_waste,total_use
0,OAMOtherOther,OAM,Other OECD America,Other,Other,1.024198885,1.06514
1,"OAMLDPE, LLDPEOther",OAM,Other OECD America,"LDPE, LLDPE",Other,0.16811306,0.17982
2,OAMHDPEOther,OAM,Other OECD America,HDPE,Other,0.132488033,0.132932
3,OAMPSOther,OAM,Other OECD America,PS,Other,0.061802197,0.062225
4,OAMPVCOther,OAM,Other OECD America,PVC,Other,0.209496912,0.208997
5,OAMPUROther,OAM,Other OECD America,PUR,Other,0.171701682,0.170419
6,OAMFibresOther,OAM,Other OECD America,Fibres,Other,0.347093718,0.368229
7,OAMBioplasticsOther,OAM,Other OECD America,Bioplastics,Other,0.008273956,0.008218
8,"OAMABS, ASA, SANOther",OAM,Other OECD America,"ABS, ASA, SAN",Other,0.023685863,0.024971
9,OAMOtherPackaging,OAM,Other OECD America,Other,Packaging,0.057819438,0.058153
10,"OAMLDPE, LLDPEPackaging",OAM,Other OECD America,"LDPE, LLDPE",Packaging,1.254865428,1.263675
11,OAMHDPEPackaging,OAM,Other OECD America,HDPE,Packaging,1.15237103,1.159623
12,OAMPPPackaging,OAM,Other OECD America,PP,Packaging,1.337647376,1.34613
13,OAMPSPackaging,OAM,Other OECD America,PS,Packaging,0.22489444,0.225814
14,OAMPVCPackaging,OAM,Other OECD America,PVC,Packaging,0.137738258,0.13745
15,OAMPETPackaging,OAM,Other OECD America,PET,Packaging,0.878133404,0.883625
16,OAMPURPackaging,OAM,Other OECD America,PUR,Packaging,0.012674437,0.012739
17,OAMBioplasticsPackaging,OAM,Other OECD America,Bioplastics,Packaging,0.048484946,0.048667
18,OAMOtherConsumer & institutional Products,OAM,Other OECD America,Other,Consumer & institutional Products,0.135805411,0.146022
19,"OAMLDPE, LLDPEConsumer & institutional Products",OAM,Other OECD America,"LDPE, LLDPE",Consumer & institutional Products,0.259041872,0.279035
20,OAMHDPEConsumer & institutional Products,OAM,Other OECD America,HDPE,Consumer & institutional Products,0.177988884,0.19241
21,OAMPPConsumer & institutional Products,OAM,Other OECD America,PP,Consumer & institutional Products,0.559353273,0.603469
22,OAMPSConsumer & institutional Products,OAM,Other OECD America,PS,Consumer & institutional Products,0.170846164,0.183524
23,OAMPVCConsumer & institutional Products,OAM,Other OECD America,PVC,Consumer & institutional Products,0.081774008,0.087308
24,OAMPURConsumer & institutional Products,OAM,Other OECD America,PUR,Consumer & institutional Products,0.072344263,0.077786
25,OAMBioplasticsConsumer & institutional Products,OAM,Other OECD America,Bioplastics,Consumer & institutional Products,0.005559512,0.005969
26,"OAMABS, ASA, SANConsumer & institutional Products",OAM,Other OECD America,"ABS, ASA, SAN",Consumer & institutional Products,0.137356527,0.147683
27,OAMOtherBuilding & construction,OAM,Other OECD America,Other,Building & construction,0.047299724,0.157821
28,"OAMLDPE, LLDPEBuilding & construction",OAM,Other OECD America,"LDPE, LLDPE",Building & construction,0.014936553,0.054073
29,OAMHDPEBuilding & construction,OAM,Other OECD America,HDPE,Building & construction,0.045359565,0.172483
30,OAMPPBuilding & construction,OAM,Other OECD America,PP,Building & construction,0.024285272,0.08736
31,OAMPSBuilding & construction,OAM,Other OECD America,PS,Building & construction,0.03000882,0.099867
32,OAMPVCBuilding & construction,OAM,Other OECD America,PVC,Building & construction,0.167938817,0.575078
33,OAMPURBuilding & construction,OAM,Other OECD America,PUR,Building & construction,0.025351589,0.084127
34,OAMBioplasticsBuilding & construction,OAM,Other OECD America,Bioplastics,Building & construction,0.000459478,0.001527
35,"OAMABS, ASA, SANBuilding & construction",OAM,Other OECD America,"ABS, ASA, SAN",Building & construction,0.001359548,0.004507
36,OAMOtherElectrical/electronics,OAM,Other OECD America,Other,Electrical/electronics,0.159067033,0.166151
37,"OAMLDPE, LLDPEElectrical/electronics",OAM,Other OECD America,"LDPE, LLDPE",Electrical/electronics,0.043628099,0.04588
38,OAMHDPEElectrical/electronics,OAM,Other OECD America,HDPE,Electrical/electronics,0.013917503,0.014783
39,OAMPPElectrical/electronics,OAM,Other OECD America,PP,Electrical/electronics,0.102206365,0.107627
40,OAMPSElectrical/electronics,OAM,Other OECD America,PS,Electrical/electronics,0.047649921,0.04972
41,OAMPVCElectrical/electronics,OAM,Other OECD America,PVC,Electrical/electronics,0.041155582,0.042653
42,OAMPURElectrical/electronics,OAM,Other OECD America,PUR,Electrical/electronics,0.025172331,0.026281
43,OAMBioplasticsElectrical/electronics,OAM,Other OECD America,Bioplastics,Electrical/electronics,0.001327962,0.001385
44,"OAMABS, ASA, SANElectrical/electronics",OAM,Other OECD America,"ABS, ASA, SAN",Electrical/electronics,0.07048093,0.073587
45,OAMOtherTransportation - other,OAM,Other OECD America,Other,Transportation - other,0.413709529,0.516812
46,"OAMLDPE, LLDPETransportation - other",OAM,Other OECD America,"LDPE, LLDPE",Transportation - other,0.007447282,0.009379
47,OAMHDPETransportation - other,OAM,Other OECD America,HDPE,Transportation - other,0.033887218,0.042887
48,OAMPPTransportation - other,OAM,Other OECD America,PP,Transportation - other,0.153940081,0.192608
49,OAMPVCTransportation - other,OAM,Other OECD America,PVC,Transportation - other,0.021472428,0.026492
50,OAMPURTransportation - other,OAM,Other OECD America,PUR,Transportation - other,0.049815302,0.0622
51,OAMFibresTransportation - other,OAM,Other OECD America,Fibres,Transportation - other,0.088551653,0.110567
52,OAMBioplasticsTransportation - other,OAM,Other OECD America,Bioplastics,Transportation - other,0.002417957,0.003019
53,"OAMABS, ASA, SANTransportation - other",OAM,Other OECD America,"ABS, ASA, SAN",Transportation - other,0.021751218,0.027159
54,OAMMarine coatingsMarine coatings,OAM,Other OECD America,Marine coatings,Marine coatings,0.01329692,0.01325
55,"OAMLDPE, LLDPEIndustrial/machinery",OAM,Other OECD America,"LDPE, LLDPE",Industrial/machinery,0.026457481,0.044532
56,OAMHDPEIndustrial/machinery,OAM,Other OECD America,HDPE,Industrial/machinery,0.025063597,0.04378
57,OAMPPIndustrial/machinery,OAM,Other OECD America,PP,Industrial/machinery,0.036788365,0.06174
58,OAMPURIndustrial/machinery,OAM,Other OECD America,PUR,Industrial/machinery,0.035122106,0.055422
59,OAMHDPEPersonal care products,OAM,Other OECD America,HDPE,Personal care products,0.000481114,0.000483
60,OAMPPPersonal care products,OAM,Other OECD America,PP,Personal care products,1.2417e-05,1.2e-05
61,OAMFibresTextile sector - clothing,OAM,Other OECD America,Fibres,Textile sector - clothing,0.426387504,0.463323
62,OAMBioplasticsTextile sector - clothing,OAM,Other OECD America,Bioplastics,Textile sector - clothing,0.003767438,0.004061
63,OAMFibresTextile sector - others,OAM,Other OECD America,Fibres,Textile sector - others,0.397807721,0.431334
64,OAMRoad marking coatingsRoad marking,OAM,Other OECD America,Road marking coatings,Road marking,0.024424897,0.026081
65,OAMElastomers (tyres)Transportation - tyres,OAM,Other OECD America,Elastomers (tyres),Transportation - tyres,0.117622135,0.143002
66,O22OtherOther,O22,OECD EU ,Other,Other,4.008529045,4.521182
67,"O22LDPE, LLDPEOther",O22,OECD EU ,"LDPE, LLDPE",Other,0.709530589,0.821618
68,O22HDPEOther,O22,OECD EU ,HDPE,Other,0.536846308,0.64007
69,O22PSOther,O22,OECD EU ,PS,Other,0.24219642,0.277381
70,O22PVCOther,O22,OECD EU ,PVC,Other,0.853971299,0.996187
71,O22PUROther,O22,OECD EU ,PUR,Other,0.6672446,0.741811
72,O22FibresOther,O22,OECD EU ,Fibres,Other,1.347070635,1.511481
73,O22BioplasticsOther,O22,OECD EU ,Bioplastics,Other,0.032410548,0.036394
74,"O22ABS, ASA, SANOther",O22,OECD EU ,"ABS, ASA, SAN",Other,0.091898592,0.102236
75,O22OtherPackaging,O22,OECD EU ,Other,Packaging,0.211359786,0.213928
76,"O22LDPE, LLDPEPackaging",O22,OECD EU ,"LDPE, LLDPE",Packaging,4.682598766,4.731087
77,O22HDPEPackaging,O22,OECD EU ,HDPE,Packaging,4.706807212,4.757081
78,O22PPPackaging,O22,OECD EU ,PP,Packaging,4.56490752,4.609926
79,O22PSPackaging,O22,OECD EU ,PS,Packaging,0.825104922,0.835762
80,O22PVCPackaging,O22,OECD EU ,PVC,Packaging,0.50539349,0.508173
81,O22PETPackaging,O22,OECD EU ,PET,Packaging,3.546020501,3.582501
82,O22PURPackaging,O22,OECD EU ,PUR,Packaging,0.04654148,0.047096
83,O22BioplasticsPackaging,O22,OECD EU ,Bioplastics,Packaging,0.179334455,0.179929
84,O22OtherConsumer & institutional Products,O22,OECD EU ,Other,Consumer & institutional Products,0.493904716,0.540959
85,"O22LDPE, LLDPEConsumer & institutional Products",O22,OECD EU ,"LDPE, LLDPE",Consumer & institutional Products,0.961958612,1.053096
86,O22HDPEConsumer & institutional Products,O22,OECD EU ,HDPE,Consumer & institutional Products,0.717941634,0.790791
87,O22PPConsumer & institutional Products,O22,OECD EU ,PP,Consumer & institutional Products,1.914260628,2.093151
88,O22PSConsumer & institutional Products,O22,OECD EU ,PS,Consumer & institutional Products,0.620157974,0.679893
89,O22PVCConsumer & institutional Products,O22,OECD EU ,PVC,Consumer & institutional Products,0.296770481,0.322964
90,O22PURConsumer & institutional Products,O22,OECD EU ,PUR,Consumer & institutional Products,0.262845641,0.287874
91,O22BioplasticsConsumer & institutional Products,O22,OECD EU ,Bioplastics,Consumer & institutional Products,0.020337552,0.022082
92,"O22ABS, ASA, SANConsumer & institutional Products",O22,OECD EU ,"ABS, ASA, SAN",Consumer & institutional Products,0.498830412,0.546295
93,O22OtherBuilding & construction,O22,OECD EU ,Other,Building & construction,0.763221722,1.823863
94,"O22LDPE, LLDPEBuilding & construction",O22,OECD EU ,"LDPE, LLDPE",Building & construction,0.244520914,0.67232
95,O22HDPEBuilding & construction,O22,OECD EU ,HDPE,Building & construction,0.742301602,2.149598
96,O22PPBuilding & construction,O22,OECD EU ,PP,Building & construction,0.396151153,1.061798
97,O22PSBuilding & construction,O22,OECD EU ,PS,Building & construction,0.482736774,1.154116
98,O22PVCBuilding & construction,O22,OECD EU ,PVC,Building & construction,2.678509485,6.928445
99,O22PURBuilding & construction,O22,OECD EU ,PUR,Building & construction,0.408782269,0.966411
100,O22BioplasticsBuilding & construction,O22,OECD EU ,Bioplastics,Building & construction,0.007505958,0.017529
101,"O22ABS, ASA, SANBuilding & construction",O22,OECD EU ,"ABS, ASA, SAN",Building & construction,0.02192114,0.051745
102,O22OtherElectrical/electronics,O22,OECD EU ,Other,Electrical/electronics,0.63452086,0.764015
103,"O22LDPE, LLDPEElectrical/electronics",O22,OECD EU ,"LDPE, LLDPE",Electrical/electronics,0.170599139,0.205396
104,O22HDPEElectrical/electronics,O22,OECD EU ,HDPE,Electrical/electronics,0.052207325,0.063463
105,O22PPElectrical/electronics,O22,OECD EU ,PP,Electrical/electronics,0.399523756,0.482766
106,O22PSElectrical/electronics,O22,OECD EU ,PS,Electrical/electronics,0.189687625,0.228627
107,O22PVCElectrical/electronics,O22,OECD EU ,PVC,Electrical/electronics,0.165331375,0.198718
108,O22PURElectrical/electronics,O22,OECD EU ,PUR,Electrical/electronics,0.100596089,0.121109
109,O22BioplasticsElectrical/electronics,O22,OECD EU ,Bioplastics,Electrical/electronics,0.005346091,0.006382
110,"O22ABS, ASA, SANElectrical/electronics",O22,OECD EU ,"ABS, ASA, SAN",Electrical/electronics,0.281662674,0.339098
111,O22OtherTransportation - other,O22,OECD EU ,Other,Transportation - other,2.360033387,2.823018
112,"O22LDPE, LLDPETransportation - other",O22,OECD EU ,"LDPE, LLDPE",Transportation - other,0.042533252,0.05111
113,O22HDPETransportation - other,O22,OECD EU ,HDPE,Transportation - other,0.192968913,0.233059
114,O22PPTransportation - other,O22,OECD EU ,PP,Transportation - other,0.881958465,1.052295
115,O22PVCTransportation - other,O22,OECD EU ,PVC,Transportation - other,0.121898108,0.144739
116,O22PURTransportation - other,O22,OECD EU ,PUR,Transportation - other,0.284239561,0.339823
117,O22FibresTransportation - other,O22,OECD EU ,Fibres,Transportation - other,0.505264093,0.60407
118,O22BioplasticsTransportation - other,O22,OECD EU ,Bioplastics,Transportation - other,0.013905856,0.016493
119,"O22ABS, ASA, SANTransportation - other",O22,OECD EU ,"ABS, ASA, SAN",Transportation - other,0.124109592,0.14838
120,O22Marine coatingsMarine coatings,O22,OECD EU ,Marine coatings,Marine coatings,0.057445287,0.06594
121,"O22LDPE, LLDPEIndustrial/machinery",O22,OECD EU ,"LDPE, LLDPE",Industrial/machinery,0.078626571,0.136262
122,O22HDPEIndustrial/machinery,O22,OECD EU ,HDPE,Industrial/machinery,0.074320896,0.135468
123,O22PPIndustrial/machinery,O22,OECD EU ,PP,Industrial/machinery,0.107189908,0.180885
124,O22PURIndustrial/machinery,O22,OECD EU ,PUR,Industrial/machinery,0.097749057,0.142585
125,O22HDPEPersonal care products,O22,OECD EU ,HDPE,Personal care products,0.002668091,0.002681
126,O22PPPersonal care products,O22,OECD EU ,PP,Personal care products,6.8862e-05,6.9e-05
127,O22FibresTextile sector - clothing,O22,OECD EU ,Fibres,Textile sector - clothing,1.969671751,2.161495
128,O22BioplasticsTextile sector - clothing,O22,OECD EU ,Bioplastics,Textile sector - clothing,0.016355867,0.017503
129,O22FibresTextile sector - others,O22,OECD EU ,Fibres,Textile sector - others,1.783645377,1.949584
130,O22Road marking coatingsRoad marking,O22,OECD EU ,Road marking coatings,Road marking,0.079081437,0.089058
131,O22Elastomers (tyres)Transportation - tyres,O22,OECD EU ,Elastomers (tyres),Transportation - tyres,0.587652087,0.69253
132,OE6OtherOther,OE6,OECD Non-EU,Other,Other,1.337608482,1.531933
133,"OE6LDPE, LLDPEOther",OE6,OECD Non-EU,"LDPE, LLDPE",Other,0.214076478,0.247996
134,OE6HDPEOther,OE6,OECD Non-EU,HDPE,Other,0.156991162,0.18505
135,OE6PSOther,OE6,OECD Non-EU,PS,Other,0.080126604,0.094535
136,OE6PVCOther,OE6,OECD Non-EU,PVC,Other,0.265674072,0.314695
137,OE6PUROther,OE6,OECD Non-EU,PUR,Other,0.22478728,0.252819
138,OE6FibresOther,OE6,OECD Non-EU,Fibres,Other,0.454532731,0.518982
139,OE6BioplasticsOther,OE6,OECD Non-EU,Bioplastics,Other,0.010904277,0.012449
140,"OE6ABS, ASA, SANOther",OE6,OECD Non-EU,"ABS, ASA, SAN",Other,0.031013424,0.035247
141,OE6OtherPackaging,OE6,OECD Non-EU,Other,Packaging,0.07407616,0.074749
142,"OE6LDPE, LLDPEPackaging",OE6,OECD Non-EU,"LDPE, LLDPE",Packaging,1.631714931,1.632947
143,OE6HDPEPackaging,OE6,OECD Non-EU,HDPE,Packaging,1.513160772,1.513787
144,OE6PPPackaging,OE6,OECD Non-EU,PP,Packaging,1.61662463,1.617472
145,OE6PSPackaging,OE6,OECD Non-EU,PS,Packaging,0.288090405,0.293115
146,OE6PVCPackaging,OE6,OECD Non-EU,PVC,Packaging,0.175134277,0.178391
147,OE6PETPackaging,OE6,OECD Non-EU,PET,Packaging,1.161876608,1.162306
148,OE6PURPackaging,OE6,OECD Non-EU,PUR,Packaging,0.016382597,0.016533
149,OE6BioplasticsPackaging,OE6,OECD Non-EU,Bioplastics,Packaging,0.062969775,0.063163
150,OE6OtherConsumer & institutional Products,OE6,OECD Non-EU,Other,Consumer & institutional Products,0.170428614,0.185308
151,"OE6LDPE, LLDPEConsumer & institutional Products",OE6,OECD Non-EU,"LDPE, LLDPE",Consumer & institutional Products,0.32953957,0.355619
152,OE6HDPEConsumer & institutional Products,OE6,OECD Non-EU,HDPE,Consumer & institutional Products,0.228865989,0.247868
153,OE6PPConsumer & institutional Products,OE6,OECD Non-EU,PP,Consumer & institutional Products,0.664395922,0.716417
154,OE6PSConsumer & institutional Products,OE6,OECD Non-EU,PS,Consumer & institutional Products,0.212438939,0.232899
155,OE6PVCConsumer & institutional Products,OE6,OECD Non-EU,PVC,Consumer & institutional Products,0.100921449,0.110761
156,OE6PURConsumer & institutional Products,OE6,OECD Non-EU,PUR,Consumer & institutional Products,0.090740794,0.098661
157,OE6BioplasticsConsumer & institutional Products,OE6,OECD Non-EU,Bioplastics,Consumer & institutional Products,0.007006851,0.007573
158,"OE6ABS, ASA, SANConsumer & institutional Products",OE6,OECD Non-EU,"ABS, ASA, SAN",Consumer & institutional Products,0.172318352,0.187352
159,OE6OtherBuilding & construction,OE6,OECD Non-EU,Other,Building & construction,0.186152483,0.622056
160,"OE6LDPE, LLDPEBuilding & construction",OE6,OECD Non-EU,"LDPE, LLDPE",Building & construction,0.059395224,0.213215
161,OE6HDPEBuilding & construction,OE6,OECD Non-EU,HDPE,Building & construction,0.179622469,0.667904
162,OE6PPBuilding & construction,OE6,OECD Non-EU,PP,Building & construction,0.096435142,0.341085
163,OE6PSBuilding & construction,OE6,OECD Non-EU,PS,Building & construction,0.116840942,0.393619
164,OE6PVCBuilding & construction,OE6,OECD Non-EU,PVC,Building & construction,0.640295221,2.26173
165,OE6PURBuilding & construction,OE6,OECD Non-EU,PUR,Building & construction,0.099778686,0.331499
166,OE6BioplasticsBuilding & construction,OE6,OECD Non-EU,Bioplastics,Building & construction,0.001823989,0.006018
167,"OE6ABS, ASA, SANBuilding & construction",OE6,OECD Non-EU,"ABS, ASA, SAN",Building & construction,0.005351243,0.017764
168,OE6OtherElectrical/electronics,OE6,OECD Non-EU,Other,Electrical/electronics,0.2042696,0.265309
169,"OE6LDPE, LLDPEElectrical/electronics",OE6,OECD Non-EU,"LDPE, LLDPE",Electrical/electronics,0.055235288,0.071156
170,OE6HDPEElectrical/electronics,OE6,OECD Non-EU,HDPE,Electrical/electronics,0.016757818,0.02169
171,OE6PPElectrical/electronics,OE6,OECD Non-EU,PP,Electrical/electronics,0.128918258,0.166372
172,OE6PSElectrical/electronics,OE6,OECD Non-EU,PS,Electrical/electronics,0.060571577,0.079392
173,OE6PVCElectrical/electronics,OE6,OECD Non-EU,PVC,Electrical/electronics,0.052110583,0.068539
174,OE6PURElectrical/electronics,OE6,OECD Non-EU,PUR,Electrical/electronics,0.032388411,0.042064
175,OE6BioplasticsElectrical/electronics,OE6,OECD Non-EU,Bioplastics,Electrical/electronics,0.001714803,0.002217
176,"OE6ABS, ASA, SANElectrical/electronics",OE6,OECD Non-EU,"ABS, ASA, SAN",Electrical/electronics,0.090685497,0.117776
177,OE6OtherTransportation - other,OE6,OECD Non-EU,Other,Transportation - other,0.707727229,1.003437
178,"OE6LDPE, LLDPETransportation - other",OE6,OECD Non-EU,"LDPE, LLDPE",Transportation - other,0.012810443,0.018039
179,OE6HDPETransportation - other,OE6,OECD Non-EU,HDPE,Transportation - other,0.057940347,0.081825
180,OE6PPTransportation - other,OE6,OECD Non-EU,PP,Transportation - other,0.266803982,0.374245
181,OE6PVCTransportation - other,OE6,OECD Non-EU,PVC,Transportation - other,0.035882169,0.051476
182,OE6PURTransportation - other,OE6,OECD Non-EU,PUR,Transportation - other,0.085265278,0.120857
183,OE6FibresTransportation - other,OE6,OECD Non-EU,Fibres,Transportation - other,0.151567513,0.214835
184,OE6BioplasticsTransportation - other,OE6,OECD Non-EU,Bioplastics,Transportation - other,0.004148848,0.005866
185,"OE6ABS, ASA, SANTransportation - other",OE6,OECD Non-EU,"ABS, ASA, SAN",Transportation - other,0.03723,0.052771
186,OE6Marine coatingsMarine coatings,OE6,OECD Non-EU,Marine coatings,Marine coatings,0.019381544,0.022874
187,"OE6LDPE, LLDPEIndustrial/machinery",OE6,OECD Non-EU,"LDPE, LLDPE",Industrial/machinery,0.020172638,0.04094
188,OE6HDPEIndustrial/machinery,OE6,OECD Non-EU,HDPE,Industrial/machinery,0.018686131,0.039313
189,OE6PPIndustrial/machinery,OE6,OECD Non-EU,PP,Industrial/machinery,0.027834209,0.055632
190,OE6PURIndustrial/machinery,OE6,OECD Non-EU,PUR,Industrial/machinery,0.026764289,0.04994
191,OE6HDPEPersonal care products,OE6,OECD Non-EU,HDPE,Personal care products,0.00093715,0.000931
192,OE6PPPersonal care products,OE6,OECD Non-EU,PP,Personal care products,2.4187e-05,2.4e-05
193,OE6FibresTextile sector - clothing,OE6,OECD Non-EU,Fibres,Textile sector - clothing,0.643298515,0.722742
194,OE6BioplasticsTextile sector - clothing,OE6,OECD Non-EU,Bioplastics,Textile sector - clothing,0.005503961,0.006109
195,OE6FibresTextile sector - others,OE6,OECD Non-EU,Fibres,Textile sector - others,0.58899225,0.6629
196,OE6Road marking coatingsRoad marking,OE6,OECD Non-EU,Road marking coatings,Road marking,0.026696078,0.030659
197,OE6Elastomers (tyres)Transportation - tyres,OE6,OECD Non-EU,Elastomers (tyres),Transportation - tyres,0.17638335,0.237291
198,OPAOtherOther,OPA,OECD Asia,Other,Other,0.932926265,1.074981
199,"OPALDPE, LLDPEOther",OPA,OECD Asia,"LDPE, LLDPE",Other,0.154698383,0.183895
200,OPAHDPEOther,OPA,OECD Asia,HDPE,Other,0.118448861,0.144412
201,OPAPSOther,OPA,OECD Asia,PS,Other,0.056509459,0.0663
202,OPAPVCOther,OPA,OECD Asia,PVC,Other,0.19253736,0.227791
203,OPAPUROther,OPA,OECD Asia,PUR,Other,0.156220526,0.180421
204,OPAFibresOther,OPA,OECD Asia,Fibres,Other,0.315490782,0.359968
205,OPABioplasticsOther,OPA,OECD Asia,Bioplastics,Other,0.007719826,0.008709
206,"OPAABS, ASA, SANOther",OPA,OECD Asia,"ABS, ASA, SAN",Other,0.021526788,0.024601
207,OPAOtherPackaging,OPA,OECD Asia,Other,Packaging,0.054246353,0.05577
208,"OPALDPE, LLDPEPackaging",OPA,OECD Asia,"LDPE, LLDPE",Packaging,1.187616748,1.223577
209,OPAHDPEPackaging,OPA,OECD Asia,HDPE,Packaging,1.124207199,1.157805
210,OPAPPPackaging,OPA,OECD Asia,PP,Packaging,1.147192901,1.181299
211,OPAPSPackaging,OPA,OECD Asia,PS,Packaging,0.210452033,0.21586
212,OPAPVCPackaging,OPA,OECD Asia,PVC,Packaging,0.127967145,0.131318
213,OPAPETPackaging,OPA,OECD Asia,PET,Packaging,0.875114169,0.901068
214,OPAPURPackaging,OPA,OECD Asia,PUR,Packaging,0.011842731,0.01217
215,OPABioplasticsPackaging,OPA,OECD Asia,Bioplastics,Packaging,0.046430564,0.046496
216,OPAOtherConsumer & institutional Products,OPA,OECD Asia,Other,Consumer & institutional Products,0.135033428,0.145118
217,"OPALDPE, LLDPEConsumer & institutional Products",OPA,OECD Asia,"LDPE, LLDPE",Consumer & institutional Products,0.259981298,0.280174
218,OPAHDPEConsumer & institutional Products,OPA,OECD Asia,HDPE,Consumer & institutional Products,0.18645092,0.201622
219,OPAPPConsumer & institutional Products,OPA,OECD Asia,PP,Consumer & institutional Products,0.520622952,0.560717
220,OPAPSConsumer & institutional Products,OPA,OECD Asia,PS,Consumer & institutional Products,0.170033884,0.18239
221,OPAPVCConsumer & institutional Products,OPA,OECD Asia,PVC,Consumer & institutional Products,0.080790414,0.086697
222,OPAPURConsumer & institutional Products,OPA,OECD Asia,PUR,Consumer & institutional Products,0.071880407,0.077247
223,OPABioplasticsConsumer & institutional Products,OPA,OECD Asia,Bioplastics,Consumer & institutional Products,0.005663014,0.005928
224,"OPAABS, ASA, SANConsumer & institutional Products",OPA,OECD Asia,"ABS, ASA, SAN",Consumer & institutional Products,0.136465259,0.146648
225,OPAOtherBuilding & construction,OPA,OECD Asia,Other,Building & construction,0.197272989,0.799034
226,"OPALDPE, LLDPEBuilding & construction",OPA,OECD Asia,"LDPE, LLDPE",Building & construction,0.062195069,0.268286
227,OPAHDPEBuilding & construction,OPA,OECD Asia,HDPE,Building & construction,0.187994966,0.835338
228,OPAPPBuilding & construction,OPA,OECD Asia,PP,Building & construction,0.101018747,0.430685
229,OPAPSBuilding & construction,OPA,OECD Asia,PS,Building & construction,0.125053018,0.505624
230,OPAPVCBuilding & construction,OPA,OECD Asia,PVC,Building & construction,0.684885824,2.87036
231,OPAPURBuilding & construction,OPA,OECD Asia,PUR,Building & construction,0.105756521,0.426474
232,OPABioplasticsBuilding & construction,OPA,OECD Asia,Bioplastics,Building & construction,0.00197519,0.007744
233,"OPAABS, ASA, SANBuilding & construction",OPA,OECD Asia,"ABS, ASA, SAN",Building & construction,0.00567198,0.022859
234,OPAOtherElectrical/electronics,OPA,OECD Asia,Other,Electrical/electronics,0.213323106,0.272439
235,"OPALDPE, LLDPEElectrical/electronics",OPA,OECD Asia,"LDPE, LLDPE",Electrical/electronics,0.057374158,0.073632
236,OPAHDPEElectrical/electronics,OPA,OECD Asia,HDPE,Electrical/electronics,0.017664882,0.022898
237,OPAPPElectrical/electronics,OPA,OECD Asia,PP,Electrical/electronics,0.134290689,0.172791
238,OPAPSElectrical/electronics,OPA,OECD Asia,PS,Electrical/electronics,0.063951726,0.081526
239,OPAPVCElectrical/electronics,OPA,OECD Asia,PVC,Electrical/electronics,0.055175216,0.070555
240,OPAPURElectrical/electronics,OPA,OECD Asia,PUR,Electrical/electronics,0.033809628,0.043168
241,OPABioplasticsElectrical/electronics,OPA,OECD Asia,Bioplastics,Electrical/electronics,0.001830596,0.002275
242,"OPAABS, ASA, SANElectrical/electronics",OPA,OECD Asia,"ABS, ASA, SAN",Electrical/electronics,0.094664816,0.120869
243,OPAOtherTransportation - other,OPA,OECD Asia,Other,Transportation - other,0.312342422,0.467586
244,"OPALDPE, LLDPETransportation - other",OPA,OECD Asia,"LDPE, LLDPE",Transportation - other,0.00559779,0.008467
245,OPAHDPETransportation - other,OPA,OECD Asia,HDPE,Transportation - other,0.025408239,0.038626
246,OPAPPTransportation - other,OPA,OECD Asia,PP,Transportation - other,0.116036023,0.174293
247,OPAPVCTransportation - other,OPA,OECD Asia,PVC,Transportation - other,0.016051022,0.023973
248,OPAPURTransportation - other,OPA,OECD Asia,PUR,Transportation - other,0.037617181,0.056285
249,OPAFibresTransportation - other,OPA,OECD Asia,Fibres,Transportation - other,0.066868281,0.100053
250,OPABioplasticsTransportation - other,OPA,OECD Asia,Bioplastics,Transportation - other,0.001862908,0.002732
251,"OPAABS, ASA, SANTransportation - other",OPA,OECD Asia,"ABS, ASA, SAN",Transportation - other,0.016425064,0.024576
252,OPAMarine coatingsMarine coatings,OPA,OECD Asia,Marine coatings,Marine coatings,7.0459e-05,
253,"OPALDPE, LLDPEIndustrial/machinery",OPA,OECD Asia,"LDPE, LLDPE",Industrial/machinery,4.2091e-05,0.000596
254,OPAHDPEIndustrial/machinery,OPA,OECD Asia,HDPE,Industrial/machinery,3.9507e-05,0.000759
255,OPAPPIndustrial/machinery,OPA,OECD Asia,PP,Industrial/machinery,5.7752e-05,0.000717
256,OPAPURIndustrial/machinery,OPA,OECD Asia,PUR,Industrial/machinery,7.7761e-05,9e-06
257,OPAHDPEPersonal care products,OPA,OECD Asia,HDPE,Personal care products,0.001072006,0.001103
258,OPAPPPersonal care products,OPA,OECD Asia,PP,Personal care products,2.7668e-05,2.8e-05
259,OPAFibresTextile sector - clothing,OPA,OECD Asia,Fibres,Textile sector - clothing,0.780837051,0.911909
260,OPABioplasticsTextile sector - clothing,OPA,OECD Asia,Bioplastics,Textile sector - clothing,0.007015008,0.007892
261,OPAFibresTextile sector - others,OPA,OECD Asia,Fibres,Textile sector - others,0.376603592,0.43991
262,OPARoad marking coatingsRoad marking,OPA,OECD Asia,Road marking coatings,Road marking,0.033246027,0.037835
263,OPAElastomers (tyres)Transportation - tyres,OPA,OECD Asia,Elastomers (tyres),Transportation - tyres,0.000905514,
264,OCEOtherOther,OCE,OECD Oceania,Other,Other,0.070599087,0.082015
265,"OCELDPE, LLDPEOther",OCE,OECD Oceania,"LDPE, LLDPE",Other,0.010980059,0.013303
266,OCEHDPEOther,OCE,OECD Oceania,HDPE,Other,0.008408139,0.010267
267,OCEPSOther,OCE,OECD Oceania,PS,Other,0.004225104,0.004893
268,OCEPVCOther,OCE,OECD Oceania,PVC,Other,0.013781858,0.016339
269,OCEPUROther,OCE,OECD Oceania,PUR,Other,0.011890437,0.013876
270,OCEFibresOther,OCE,OECD Oceania,Fibres,Other,0.024043184,0.029322
271,OCEBioplasticsOther,OCE,OECD Oceania,Bioplastics,Other,0.000592511,0.000661
272,"OCEABS, ASA, SANOther",OCE,OECD Oceania,"ABS, ASA, SAN",Other,0.001641029,0.001954
273,OCEOtherPackaging,OCE,OECD Oceania,Other,Packaging,0.004821724,0.005027
274,"OCELDPE, LLDPEPackaging",OCE,OECD Oceania,"LDPE, LLDPE",Packaging,0.106334871,0.11227
275,OCEHDPEPackaging,OCE,OECD Oceania,HDPE,Packaging,0.101322917,0.10689
276,OCEPPPackaging,OCE,OECD Oceania,PP,Packaging,0.110542455,0.116619
277,OCEPSPackaging,OCE,OECD Oceania,PS,Packaging,0.018137772,0.018997
278,OCEPVCPackaging,OCE,OECD Oceania,PVC,Packaging,0.010955638,0.011554
279,OCEPETPackaging,OCE,OECD Oceania,PET,Packaging,0.074317548,0.078384
280,OCEPURPackaging,OCE,OECD Oceania,PUR,Packaging,0.001028305,0.001071
281,OCEBioplasticsPackaging,OCE,OECD Oceania,Bioplastics,Packaging,0.004075834,0.004091
282,OCEOtherConsumer & institutional Products,OCE,OECD Oceania,Other,Consumer & institutional Products,0.01006084,0.011417
283,"OCELDPE, LLDPEConsumer & institutional Products",OCE,OECD Oceania,"LDPE, LLDPE",Consumer & institutional Products,0.019225517,0.022139
284,OCEHDPEConsumer & institutional Products,OCE,OECD Oceania,HDPE,Consumer & institutional Products,0.014300513,0.01654
285,OCEPPConsumer & institutional Products,OCE,OECD Oceania,PP,Consumer & institutional Products,0.041715104,0.048113
286,OCEPSConsumer & institutional Products,OCE,OECD Oceania,PS,Consumer & institutional Products,0.012563713,0.014349
287,OCEPVCConsumer & institutional Products,OCE,OECD Oceania,PVC,Consumer & institutional Products,0.005926871,0.006818
288,OCEPURConsumer & institutional Products,OCE,OECD Oceania,PUR,Consumer & institutional Products,0.00535747,0.006079
289,OCEBioplasticsConsumer & institutional Products,OCE,OECD Oceania,Bioplastics,Consumer & institutional Products,0.000425786,0.000466
290,"OCEABS, ASA, SANConsumer & institutional Products",OCE,OECD Oceania,"ABS, ASA, SAN",Consumer & institutional Products,0.010164246,0.011533
291,OCEOtherBuilding & construction,OCE,OECD Oceania,Other,Building & construction,0.021165893,0.284615
292,"OCELDPE, LLDPEBuilding & construction",OCE,OECD Oceania,"LDPE, LLDPE",Building & construction,0.006573225,0.090129
293,OCEHDPEBuilding & construction,OCE,OECD Oceania,HDPE,Building & construction,0.019779064,0.27322
294,OCEPPBuilding & construction,OCE,OECD Oceania,PP,Building & construction,0.010698861,0.14652
295,OCEPSBuilding & construction,OCE,OECD Oceania,PS,Building & construction,0.013365931,0.180095
296,OCEPVCBuilding & construction,OCE,OECD Oceania,PVC,Building & construction,0.072554978,0.988439
297,OCEPURBuilding & construction,OCE,OECD Oceania,PUR,Building & construction,0.011354018,0.152551
298,OCEBioplasticsBuilding & construction,OCE,OECD Oceania,Bioplastics,Building & construction,0.00021546,0.002771
299,"OCEABS, ASA, SANBuilding & construction",OCE,OECD Oceania,"ABS, ASA, SAN",Building & construction,0.000608992,0.008181
300,OCEOtherElectrical/electronics,OCE,OECD Oceania,Other,Electrical/electronics,0.009498765,0.010097
301,"OCELDPE, LLDPEElectrical/electronics",OCE,OECD Oceania,"LDPE, LLDPE",Electrical/electronics,0.002548889,0.002762
302,OCEHDPEElectrical/electronics,OCE,OECD Oceania,HDPE,Electrical/electronics,0.000804609,0.000872
303,OCEPPElectrical/electronics,OCE,OECD Oceania,PP,Electrical/electronics,0.005958868,0.006458
304,OCEPSElectrical/electronics,OCE,OECD Oceania,PS,Electrical/electronics,0.002814193,0.003021
305,OCEPVCElectrical/electronics,OCE,OECD Oceania,PVC,Electrical/electronics,0.002386964,0.002588
306,OCEPURElectrical/electronics,OCE,OECD Oceania,PUR,Electrical/electronics,0.001503701,0.001598
307,OCEBioplasticsElectrical/electronics,OCE,OECD Oceania,Bioplastics,Electrical/electronics,8.1613e-05,8.4e-05
308,"OCEABS, ASA, SANElectrical/electronics",OCE,OECD Oceania,"ABS, ASA, SAN",Electrical/electronics,0.004210267,0.004475
309,OCEOtherTransportation - other,OCE,OECD Oceania,Other,Transportation - other,0.235469307,0.412638
310,"OCELDPE, LLDPETransportation - other",OCE,OECD Oceania,"LDPE, LLDPE",Transportation - other,0.004195436,0.007391
311,OCEHDPETransportation - other,OCE,OECD Oceania,HDPE,Transportation - other,0.018953256,0.033431
312,OCEPPTransportation - other,OCE,OECD Oceania,PP,Transportation - other,0.087529789,0.153944
313,OCEPVCTransportation - other,OCE,OECD Oceania,PVC,Transportation - other,0.012064553,0.021174
314,OCEPURTransportation - other,OCE,OECD Oceania,PUR,Transportation - other,0.028372328,0.049714
315,OCEFibresTransportation - other,OCE,OECD Oceania,Fibres,Transportation - other,0.050434634,0.088372
316,OCEBioplasticsTransportation - other,OCE,OECD Oceania,Bioplastics,Transportation - other,0.00144464,0.002413
317,"OCEABS, ASA, SANTransportation - other",OCE,OECD Oceania,"ABS, ASA, SAN",Transportation - other,0.012388416,0.021707
318,OCEMarine coatingsMarine coatings,OCE,OECD Oceania,Marine coatings,Marine coatings,0.001372686,0.001473
319,"OCELDPE, LLDPEIndustrial/machinery",OCE,OECD Oceania,"LDPE, LLDPE",Industrial/machinery,0.00077008,0.002153
320,OCEHDPEIndustrial/machinery,OCE,OECD Oceania,HDPE,Industrial/machinery,0.000705581,0.001997
321,OCEPPIndustrial/machinery,OCE,OECD Oceania,PP,Industrial/machinery,0.001072414,0.002994
322,OCEPURIndustrial/machinery,OCE,OECD Oceania,PUR,Industrial/machinery,0.001083945,0.002925
323,OCEHDPEPersonal care products,OCE,OECD Oceania,HDPE,Personal care products,0.000302829,0.000319
324,OCEPPPersonal care products,OCE,OECD Oceania,PP,Personal care products,7.816e-06,8e-06
325,OCEFibresTextile sector - clothing,OCE,OECD Oceania,Fibres,Textile sector - clothing,0.3453634,0.38323
326,OCEBioplasticsTextile sector - clothing,OCE,OECD Oceania,Bioplastics,Textile sector - clothing,0.003366183,0.003557
327,OCEFibresTextile sector - others,OCE,OECD Oceania,Fibres,Textile sector - others,0.132441725,0.14676
328,OCERoad marking coatingsRoad marking,OCE,OECD Oceania,Road marking coatings,Road marking,0.001584772,0.002053
329,OCEElastomers (tyres)Transportation - tyres,OCE,OECD Oceania,Elastomers (tyres),Transportation - tyres,0.070328363,0.123051
330,LAMOtherOther,LAM,Latin America,Other,Other,1.773880269,1.890091
331,"LAMLDPE, LLDPEOther",LAM,Latin America,"LDPE, LLDPE",Other,0.29955904,0.328459
332,LAMHDPEOther,LAM,Latin America,HDPE,Other,0.243792694,0.260018
333,LAMPSOther,LAM,Latin America,PS,Other,0.1069594,0.111868
334,LAMPVCOther,LAM,Latin America,PVC,Other,0.367609901,0.385514
335,LAMPUROther,LAM,Latin America,PUR,Other,0.29687175,0.309989
336,LAMFibresOther,LAM,Latin America,Fibres,Other,0.598600724,0.644958
337,LAMBioplasticsOther,LAM,Latin America,Bioplastics,Other,0.01426918,0.014806
338,"LAMABS, ASA, SANOther",LAM,Latin America,"ABS, ASA, SAN",Other,0.040878258,0.043886
339,LAMOtherPackaging,LAM,Latin America,Other,Packaging,0.098496464,0.0991
340,"LAMLDPE, LLDPEPackaging",LAM,Latin America,"LDPE, LLDPE",Packaging,2.144299263,2.156632
341,LAMHDPEPackaging,LAM,Latin America,HDPE,Packaging,2.013141042,2.022033
342,LAMPPPackaging,LAM,Latin America,PP,Packaging,2.401371654,2.412278
343,LAMPSPackaging,LAM,Latin America,PS,Packaging,0.388655762,0.390713
344,LAMPVCPackaging,LAM,Latin America,PVC,Packaging,0.236757186,0.237829
345,LAMPETPackaging,LAM,Latin America,PET,Packaging,1.525367586,1.531394
346,LAMPURPackaging,LAM,Latin America,PUR,Packaging,0.021935877,0.022041
347,LAMBioplasticsPackaging,LAM,Latin America,Bioplastics,Packaging,0.083814683,0.084208
348,LAMOtherConsumer & institutional Products,LAM,Latin America,Other,Consumer & institutional Products,0.236300284,0.248569
349,"LAMLDPE, LLDPEConsumer & institutional Products",LAM,Latin America,"LDPE, LLDPE",Consumer & institutional Products,0.4519441,0.47545
350,LAMHDPEConsumer & institutional Products,LAM,Latin America,HDPE,Consumer & institutional Products,0.31391306,0.3311
351,LAMPPConsumer & institutional Products,LAM,Latin America,PP,Consumer & institutional Products,0.997819216,1.051374
352,LAMPSConsumer & institutional Products,LAM,Latin America,PS,Consumer & institutional Products,0.296850503,0.312407
353,LAMPVCConsumer & institutional Products,LAM,Latin America,PVC,Consumer & institutional Products,0.141321063,0.148611
354,LAMPURConsumer & institutional Products,LAM,Latin America,PUR,Consumer & institutional Products,0.125891952,0.132428
355,LAMBioplasticsConsumer & institutional Products,LAM,Latin America,Bioplastics,Consumer & institutional Products,0.009661058,0.010161
356,"LAMABS, ASA, SANConsumer & institutional Products",LAM,Latin America,"ABS, ASA, SAN",Consumer & institutional Products,0.238978435,0.251377
357,LAMOtherBuilding & construction,LAM,Latin America,Other,Building & construction,0.029671286,0.276915
358,"LAMLDPE, LLDPEBuilding & construction",LAM,Latin America,"LDPE, LLDPE",Building & construction,0.009371766,0.090307
359,LAMHDPEBuilding & construction,LAM,Latin America,HDPE,Building & construction,0.02833737,0.27979
360,LAMPPBuilding & construction,LAM,Latin America,PP,Building & construction,0.015248685,0.146609
361,LAMPSBuilding & construction,LAM,Latin America,PS,Building & construction,0.018694971,0.175221
362,LAMPVCBuilding & construction,LAM,Latin America,PVC,Building & construction,0.102944901,0.978694
363,LAMPURBuilding & construction,LAM,Latin America,PUR,Building & construction,0.015910129,0.148135
364,LAMBioplasticsBuilding & construction,LAM,Latin America,Bioplastics,Building & construction,0.000287592,0.00269
365,"LAMABS, ASA, SANBuilding & construction",LAM,Latin America,"ABS, ASA, SAN",Building & construction,0.000853292,0.007941
366,LAMOtherElectrical/electronics,LAM,Latin America,Other,Electrical/electronics,0.258310411,0.288043
367,"LAMLDPE, LLDPEElectrical/electronics",LAM,Latin America,"LDPE, LLDPE",Electrical/electronics,0.071467951,0.080047
368,LAMHDPEElectrical/electronics,LAM,Latin America,HDPE,Electrical/electronics,0.023072627,0.026049
369,LAMPPElectrical/electronics,LAM,Latin America,PP,Electrical/electronics,0.167445591,0.187725
370,LAMPSElectrical/electronics,LAM,Latin America,PS,Electrical/electronics,0.077254166,0.086195
371,LAMPVCElectrical/electronics,LAM,Latin America,PVC,Electrical/electronics,0.066162201,0.073725
372,LAMPURElectrical/electronics,LAM,Latin America,PUR,Electrical/electronics,0.040854912,0.045539
373,LAMBioplasticsElectrical/electronics,LAM,Latin America,Bioplastics,Electrical/electronics,0.002152872,0.0024
374,"LAMABS, ASA, SANElectrical/electronics",LAM,Latin America,"ABS, ASA, SAN",Electrical/electronics,0.114391164,0.127505
375,LAMOtherTransportation - other,LAM,Latin America,Other,Transportation - other,0.588613015,0.915973
376,"LAMLDPE, LLDPETransportation - other",LAM,Latin America,"LDPE, LLDPE",Transportation - other,0.010660945,0.016694
377,LAMHDPETransportation - other,LAM,Latin America,HDPE,Transportation - other,0.048655971,0.07663
378,LAMPPTransportation - other,LAM,Latin America,PP,Transportation - other,0.219581051,0.341254
379,LAMPVCTransportation - other,LAM,Latin America,PVC,Transportation - other,0.03019649,0.046938
380,LAMPURTransportation - other,LAM,Latin America,PUR,Transportation - other,0.070857052,0.110203
381,LAMFibresTransportation - other,LAM,Latin America,Fibres,Transportation - other,0.125955458,0.195897
382,LAMBioplasticsTransportation - other,LAM,Latin America,Bioplastics,Transportation - other,0.003436925,0.005349
383,"LAMABS, ASA, SANTransportation - other",LAM,Latin America,"ABS, ASA, SAN",Transportation - other,0.030938831,0.048119
384,LAMMarine coatingsMarine coatings,LAM,Latin America,Marine coatings,Marine coatings,0.022902235,0.022914
385,"LAMLDPE, LLDPEIndustrial/machinery",LAM,Latin America,"LDPE, LLDPE",Industrial/machinery,0.029386008,0.075279
386,LAMHDPEIndustrial/machinery,LAM,Latin America,HDPE,Industrial/machinery,0.027768818,0.073432
387,LAMPPIndustrial/machinery,LAM,Latin America,PP,Industrial/machinery,0.040910809,0.104623
388,LAMPURIndustrial/machinery,LAM,Latin America,PUR,Industrial/machinery,0.039201637,0.095397
389,LAMHDPEPersonal care products,LAM,Latin America,HDPE,Personal care products,0.000824498,0.000824
390,LAMPPPersonal care products,LAM,Latin America,PP,Personal care products,2.128e-05,2.1e-05
391,LAMFibresTextile sector - clothing,LAM,Latin America,Fibres,Textile sector - clothing,0.770541373,0.786412
392,LAMBioplasticsTextile sector - clothing,LAM,Latin America,Bioplastics,Textile sector - clothing,0.00647672,0.006571
393,LAMFibresTextile sector - others,LAM,Latin America,Fibres,Textile sector - others,0.704814728,0.71803
394,LAMRoad marking coatingsRoad marking,LAM,Latin America,Road marking coatings,Road marking,0.041945245,0.044261
395,LAMElastomers (tyres)Transportation - tyres,LAM,Latin America,Elastomers (tyres),Transportation - tyres,0.167323175,0.247734
396,EU5OtherOther,EU5,Other EU,Other,Other,0.138450179,0.157299
397,"EU5LDPE, LLDPEOther",EU5,Other EU,"LDPE, LLDPE",Other,0.021622171,0.024978
398,EU5HDPEOther,EU5,Other EU,HDPE,Other,0.016009182,0.018768
399,EU5PSOther,EU5,Other EU,PS,Other,0.008026023,0.00997
400,EU5PVCOther,EU5,Other EU,PVC,Other,0.026703084,0.032116
401,EU5PUROther,EU5,Other EU,PUR,Other,0.023290598,0.025903
402,EU5FibresOther,EU5,Other EU,Fibres,Other,0.047092319,0.053933
403,EU5BioplasticsOther,EU5,Other EU,Bioplastics,Other,0.001089482,0.001283
404,"EU5ABS, ASA, SANOther",EU5,Other EU,"ABS, ASA, SAN",Other,0.003211648,0.003605
405,EU5OtherPackaging,EU5,Other EU,Other,Packaging,0.008407705,0.008221
406,"EU5LDPE, LLDPEPackaging",EU5,Other EU,"LDPE, LLDPE",Packaging,0.184015689,0.180104
407,EU5HDPEPackaging,EU5,Other EU,HDPE,Packaging,0.174469935,0.170816
408,EU5PPPackaging,EU5,Other EU,PP,Packaging,0.190298285,0.18653
409,EU5PSPackaging,EU5,Other EU,PS,Packaging,0.031809845,0.032301
410,EU5PVCPackaging,EU5,Other EU,PVC,Packaging,0.01954771,0.019656
411,EU5PETPackaging,EU5,Other EU,PET,Packaging,0.132704904,0.129876
412,EU5PURPackaging,EU5,Other EU,PUR,Packaging,0.001862212,0.001822
413,EU5BioplasticsPackaging,EU5,Other EU,Bioplastics,Packaging,0.006929073,0.00696
414,EU5OtherConsumer & institutional Products,EU5,Other EU,Other,Consumer & institutional Products,0.021065808,0.023163
415,"EU5LDPE, LLDPEConsumer & institutional Products",EU5,Other EU,"LDPE, LLDPE",Consumer & institutional Products,0.040438546,0.044546
416,EU5HDPEConsumer & institutional Products,EU5,Other EU,HDPE,Consumer & institutional Products,0.028592111,0.031673
417,EU5PPConsumer & institutional Products,EU5,Other EU,PP,Consumer & institutional Products,0.084955485,0.093776
418,EU5PSConsumer & institutional Products,EU5,Other EU,PS,Consumer & institutional Products,0.025577643,0.029112
419,EU5PVCConsumer & institutional Products,EU5,Other EU,PVC,Consumer & institutional Products,0.012273308,0.013842
420,EU5PURConsumer & institutional Products,EU5,Other EU,PUR,Consumer & institutional Products,0.011218107,0.012335
421,EU5BioplasticsConsumer & institutional Products,EU5,Other EU,Bioplastics,Consumer & institutional Products,0.000841173,0.000946
422,"EU5ABS, ASA, SANConsumer & institutional Products",EU5,Other EU,"ABS, ASA, SAN",Consumer & institutional Products,0.021296103,0.023414
423,EU5OtherBuilding & construction,EU5,Other EU,Other,Building & construction,0.020535352,0.067891
424,"EU5LDPE, LLDPEBuilding & construction",EU5,Other EU,"LDPE, LLDPE",Building & construction,0.006498804,0.023322
425,EU5HDPEBuilding & construction,EU5,Other EU,HDPE,Building & construction,0.019685718,0.07368
426,EU5PPBuilding & construction,EU5,Other EU,PP,Building & construction,0.010559533,0.03752
427,EU5PSBuilding & construction,EU5,Other EU,PS,Building & construction,0.012506111,0.042957
428,EU5PVCBuilding & construction,EU5,Other EU,PVC,Building & construction,0.069337779,0.247126
429,EU5PURBuilding & construction,EU5,Other EU,PUR,Building & construction,0.011006528,0.036178
430,EU5BioplasticsBuilding & construction,EU5,Other EU,Bioplastics,Building & construction,0.000194531,0.000657
431,"EU5ABS, ASA, SANBuilding & construction",EU5,Other EU,"ABS, ASA, SAN",Building & construction,0.000590273,0.001938
432,EU5OtherElectrical/electronics,EU5,Other EU,Other,Electrical/electronics,0.026700198,0.040166
433,"EU5LDPE, LLDPEElectrical/electronics",EU5,Other EU,"LDPE, LLDPE",Electrical/electronics,0.007231444,0.011011
434,EU5HDPEElectrical/electronics,EU5,Other EU,HDPE,Electrical/electronics,0.002241504,0.003501
435,EU5PPElectrical/electronics,EU5,Other EU,PP,Electrical/electronics,0.016893237,0.025811
436,EU5PSElectrical/electronics,EU5,Other EU,PS,Electrical/electronics,0.007708992,0.012019
437,EU5PVCElectrical/electronics,EU5,Other EU,PVC,Electrical/electronics,0.00668122,0.010327
438,EU5PURElectrical/electronics,EU5,Other EU,PUR,Electrical/electronics,0.004229606,0.006357
439,EU5BioplasticsElectrical/electronics,EU5,Other EU,Bioplastics,Electrical/electronics,0.000217465,0.000335
440,"EU5ABS, ASA, SANElectrical/electronics",EU5,Other EU,"ABS, ASA, SAN",Electrical/electronics,0.011842629,0.017799
441,EU5OtherTransportation - other,EU5,Other EU,Other,Transportation - other,0.290316198,0.474801
442,"EU5LDPE, LLDPETransportation - other",EU5,Other EU,"LDPE, LLDPE",Transportation - other,0.005196714,0.008542
443,EU5HDPETransportation - other,EU5,Other EU,HDPE,Transportation - other,0.023511412,0.038802
444,EU5PPTransportation - other,EU5,Other EU,PP,Transportation - other,0.108249106,0.177072
445,EU5PVCTransportation - other,EU5,Other EU,PVC,Transportation - other,0.014761022,0.024355
446,EU5PURTransportation - other,EU5,Other EU,PUR,Transportation - other,0.034976779,0.057183
447,EU5FibresTransportation - other,EU5,Other EU,Fibres,Transportation - other,0.062174704,0.101648
448,EU5BioplasticsTransportation - other,EU5,Other EU,Bioplastics,Transportation - other,0.001703015,0.002775
449,"EU5ABS, ASA, SANTransportation - other",EU5,Other EU,"ABS, ASA, SAN",Transportation - other,0.015272166,0.024968
450,EU5Marine coatingsMarine coatings,EU5,Other EU,Marine coatings,Marine coatings,0.004397931,0.005363
451,"EU5LDPE, LLDPEIndustrial/machinery",EU5,Other EU,"LDPE, LLDPE",Industrial/machinery,7.9279e-05,0.000334
452,EU5HDPEIndustrial/machinery,EU5,Other EU,HDPE,Industrial/machinery,7.4411e-05,0.000416
453,EU5PPIndustrial/machinery,EU5,Other EU,PP,Industrial/machinery,0.000108777,0.000385
454,EU5PURIndustrial/machinery,EU5,Other EU,PUR,Industrial/machinery,0.000103454,4e-06
455,EU5HDPEPersonal care products,EU5,Other EU,HDPE,Personal care products,0.000148005,0.000145
456,EU5PPPersonal care products,EU5,Other EU,PP,Personal care products,3.82e-06,4e-06
457,EU5FibresTextile sector - clothing,EU5,Other EU,Fibres,Textile sector - clothing,0.183806495,0.202315
458,EU5BioplasticsTextile sector - clothing,EU5,Other EU,Bioplastics,Textile sector - clothing,0.001648572,0.001827
459,EU5FibresTextile sector - others,EU5,Other EU,Fibres,Textile sector - others,0.088763336,0.097098
460,EU5Road marking coatingsRoad marking,EU5,Other EU,Road marking coatings,Road marking,0.004085983,0.004471
461,EU5Elastomers (tyres)Transportation - tyres,EU5,Other EU,Elastomers (tyres),Transportation - tyres,0.077094583,0.104401
462,RANOtherOther,RAN,Other Eurasia,Other,Other,0.988041726,1.060219
463,"RANLDPE, LLDPEOther",RAN,Other Eurasia,"LDPE, LLDPE",Other,0.15061595,0.170508
464,RANHDPEOther,RAN,Other Eurasia,HDPE,Other,0.113024584,0.129845
465,RANPSOther,RAN,Other Eurasia,PS,Other,0.059664195,0.06236
466,RANPVCOther,RAN,Other Eurasia,PVC,Other,0.194618522,0.208613
467,RANPUROther,RAN,Other Eurasia,PUR,Other,0.16681565,0.184561
468,RANFibresOther,RAN,Other Eurasia,Fibres,Other,0.337122313,0.36649
469,RANBioplasticsOther,RAN,Other Eurasia,Bioplastics,Other,0.008008446,0.008503
470,"RANABS, ASA, SANOther",RAN,Other Eurasia,"ABS, ASA, SAN",Other,0.023012354,0.025336
471,RANOtherPackaging,RAN,Other Eurasia,Other,Packaging,0.062856146,0.062939
472,"RANLDPE, LLDPEPackaging",RAN,Other Eurasia,"LDPE, LLDPE",Packaging,1.367454056,1.366382
473,RANHDPEPackaging,RAN,Other Eurasia,HDPE,Packaging,1.195508219,1.19328
474,RANPPPackaging,RAN,Other Eurasia,PP,Packaging,1.422124604,1.420329
475,RANPSPackaging,RAN,Other Eurasia,PS,Packaging,0.241937361,0.241844
476,RANPVCPackaging,RAN,Other Eurasia,PVC,Packaging,0.146837287,0.147267
477,RANPETPackaging,RAN,Other Eurasia,PET,Packaging,0.920697324,0.918934
478,RANPURPackaging,RAN,Other Eurasia,PUR,Packaging,0.013640115,0.013648
479,RANBioplasticsPackaging,RAN,Other Eurasia,Bioplastics,Packaging,0.051996066,0.052143
480,RANOtherConsumer & institutional Products,RAN,Other Eurasia,Other,Consumer & institutional Products,0.149814284,0.153474
481,"RANLDPE, LLDPEConsumer & institutional Products",RAN,Other Eurasia,"LDPE, LLDPE",Consumer & institutional Products,0.285296826,0.291756
482,RANHDPEConsumer & institutional Products,RAN,Other Eurasia,HDPE,Consumer & institutional Products,0.190259976,0.194857
483,RANPPConsumer & institutional Products,RAN,Other Eurasia,PP,Consumer & institutional Products,0.610589113,0.625174
484,RANPSConsumer & institutional Products,RAN,Other Eurasia,PS,Consumer & institutional Products,0.188469351,0.19289
485,RANPVCConsumer & institutional Products,RAN,Other Eurasia,PVC,Consumer & institutional Products,0.089417256,0.091802
486,RANPURConsumer & institutional Products,RAN,Other Eurasia,PUR,Consumer & institutional Products,0.079813477,0.081763
487,RANBioplasticsConsumer & institutional Products,RAN,Other Eurasia,Bioplastics,Consumer & institutional Products,0.006114496,0.006277
488,"RANABS, ASA, SANConsumer & institutional Products",RAN,Other Eurasia,"ABS, ASA, SAN",Consumer & institutional Products,0.151584316,0.155284
489,RANOtherBuilding & construction,RAN,Other Eurasia,Other,Building & construction,0.088816392,0.537128
490,"RANLDPE, LLDPEBuilding & construction",RAN,Other Eurasia,"LDPE, LLDPE",Building & construction,0.027995193,0.174615
491,RANHDPEBuilding & construction,RAN,Other Eurasia,HDPE,Building & construction,0.084465513,0.538857
492,RANPPBuilding & construction,RAN,Other Eurasia,PP,Building & construction,0.045552069,0.283289
493,RANPSBuilding & construction,RAN,Other Eurasia,PS,Building & construction,0.056295783,0.339889
494,RANPVCBuilding & construction,RAN,Other Eurasia,PVC,Building & construction,0.305747592,1.893865
495,RANPURBuilding & construction,RAN,Other Eurasia,PUR,Building & construction,0.047632322,0.287393
496,RANBioplasticsBuilding & construction,RAN,Other Eurasia,Bioplastics,Building & construction,0.000861556,0.005219
497,"RANABS, ASA, SANBuilding & construction",RAN,Other Eurasia,"ABS, ASA, SAN",Building & construction,0.002554718,0.015407
498,RANOtherElectrical/electronics,RAN,Other Eurasia,Other,Electrical/electronics,0.185342737,0.130911
499,"RANLDPE, LLDPEElectrical/electronics",RAN,Other Eurasia,"LDPE, LLDPE",Electrical/electronics,0.051307634,0.035881
500,RANHDPEElectrical/electronics,RAN,Other Eurasia,HDPE,Electrical/electronics,0.016591894,0.011365
501,RANPPElectrical/electronics,RAN,Other Eurasia,PP,Electrical/electronics,0.120261278,0.083935
502,RANPSElectrical/electronics,RAN,Other Eurasia,PS,Electrical/electronics,0.05551906,0.039175
503,RANPVCElectrical/electronics,RAN,Other Eurasia,PVC,Electrical/electronics,0.047386988,0.033561
504,RANPURElectrical/electronics,RAN,Other Eurasia,PUR,Electrical/electronics,0.029317845,0.02072
505,RANBioplasticsElectrical/electronics,RAN,Other Eurasia,Bioplastics,Electrical/electronics,0.001541435,0.001092
506,"RANABS, ASA, SANElectrical/electronics",RAN,Other Eurasia,"ABS, ASA, SAN",Electrical/electronics,0.082088107,0.058014
507,RANOtherTransportation - other,RAN,Other Eurasia,Other,Transportation - other,1.905314684,2.451377
508,"RANLDPE, LLDPETransportation - other",RAN,Other Eurasia,"LDPE, LLDPE",Transportation - other,0.034250992,0.044144
509,RANHDPETransportation - other,RAN,Other Eurasia,HDPE,Transportation - other,0.155333483,0.200636
510,RANPPTransportation - other,RAN,Other Eurasia,PP,Transportation - other,0.711235752,0.914152
511,RANPVCTransportation - other,RAN,Other Eurasia,PVC,Transportation - other,0.097661421,0.125738
512,RANPURTransportation - other,RAN,Other Eurasia,PUR,Transportation - other,0.22949807,0.295212
513,RANFibresTransportation - other,RAN,Other Eurasia,Fibres,Transportation - other,0.407955646,0.524769
514,RANBioplasticsTransportation - other,RAN,Other Eurasia,Bioplastics,Transportation - other,0.011135252,0.014328
515,"RANABS, ASA, SANTransportation - other",RAN,Other Eurasia,"ABS, ASA, SAN",Transportation - other,0.100207415,0.128901
516,RANMarine coatingsMarine coatings,RAN,Other Eurasia,Marine coatings,Marine coatings,0.03193902,0.022052
517,"RANLDPE, LLDPEIndustrial/machinery",RAN,Other Eurasia,"LDPE, LLDPE",Industrial/machinery,6.9194e-05,0.000356
518,RANHDPEIndustrial/machinery,RAN,Other Eurasia,HDPE,Industrial/machinery,6.4945e-05,0.00045
519,RANPPIndustrial/machinery,RAN,Other Eurasia,PP,Industrial/machinery,9.4939e-05,0.000413
520,RANPURIndustrial/machinery,RAN,Other Eurasia,PUR,Industrial/machinery,5.3269e-05,5e-06
521,RANHDPEPersonal care products,RAN,Other Eurasia,HDPE,Personal care products,0.000722455,0.000714
522,RANPPPersonal care products,RAN,Other Eurasia,PP,Personal care products,1.8646e-05,1.8e-05
523,RANFibresTextile sector - clothing,RAN,Other Eurasia,Fibres,Textile sector - clothing,1.316331242,1.059433
524,RANBioplasticsTextile sector - clothing,RAN,Other Eurasia,Bioplastics,Textile sector - clothing,0.012054811,0.009727
525,RANFibresTextile sector - others,RAN,Other Eurasia,Fibres,Textile sector - others,0.630697214,0.507258
526,RANRoad marking coatingsRoad marking,RAN,Other Eurasia,Road marking coatings,Road marking,0.029708924,0.034167
527,RANElastomers (tyres)Transportation - tyres,RAN,Other Eurasia,Elastomers (tyres),Transportation - tyres,0.505860847,0.703199
528,MENOtherOther,MEN,Middle East & North Africa,Other,Other,1.31073882,1.426892
529,"MENLDPE, LLDPEOther",MEN,Middle East & North Africa,"LDPE, LLDPE",Other,0.191235657,0.21696
530,MENHDPEOther,MEN,Middle East & North Africa,HDPE,Other,0.142405861,0.159493
531,MENPSOther,MEN,Middle East & North Africa,PS,Other,0.078947311,0.084821
532,MENPVCOther,MEN,Middle East & North Africa,PVC,Other,0.254637984,0.276722
533,MENPUROther,MEN,Middle East & North Africa,PUR,Other,0.221777803,0.243863
534,MENFibresOther,MEN,Middle East & North Africa,Fibres,Other,0.449013689,0.509034
535,MENBioplasticsOther,MEN,Middle East & North Africa,Bioplastics,Other,0.010690269,0.011489
536,"MENABS, ASA, SANOther",MEN,Middle East & North Africa,"ABS, ASA, SAN",Other,0.030646833,0.034549
537,MENOtherPackaging,MEN,Middle East & North Africa,Other,Packaging,0.0843396,0.084839
538,"MENLDPE, LLDPEPackaging",MEN,Middle East & North Africa,"LDPE, LLDPE",Packaging,1.813853448,1.827823
539,MENHDPEPackaging,MEN,Middle East & North Africa,HDPE,Packaging,1.457871224,1.468095
540,MENPPPackaging,MEN,Middle East & North Africa,PP,Packaging,1.819804213,1.832678
541,MENPSPackaging,MEN,Middle East & North Africa,PS,Packaging,0.315971168,0.31822
542,MENPVCPackaging,MEN,Middle East & North Africa,PVC,Packaging,0.192623247,0.193886
543,MENPETPackaging,MEN,Middle East & North Africa,PET,Packaging,1.156386752,1.165578
544,MENPURPackaging,MEN,Middle East & North Africa,PUR,Packaging,0.017875502,0.017969
545,MENBioplasticsPackaging,MEN,Middle East & North Africa,Bioplastics,Packaging,0.068333588,0.068649
546,MENOtherConsumer & institutional Products,MEN,Middle East & North Africa,Other,Consumer & institutional Products,0.174948187,0.183589
547,"MENLDPE, LLDPEConsumer & institutional Products",MEN,Middle East & North Africa,"LDPE, LLDPE",Consumer & institutional Products,0.330891065,0.348012
548,MENHDPEConsumer & institutional Products,MEN,Middle East & North Africa,HDPE,Consumer & institutional Products,0.216580207,0.22821
549,MENPPConsumer & institutional Products,MEN,Middle East & North Africa,PP,Consumer & institutional Products,0.703942276,0.741229
550,MENPSConsumer & institutional Products,MEN,Middle East & North Africa,PS,Consumer & institutional Products,0.219434797,0.230739
551,MENPVCConsumer & institutional Products,MEN,Middle East & North Africa,PVC,Consumer & institutional Products,0.104524394,0.109841
552,MENPURConsumer & institutional Products,MEN,Middle East & North Africa,PUR,Consumer & institutional Products,0.093207454,0.097811
553,MENBioplasticsConsumer & institutional Products,MEN,Middle East & North Africa,Bioplastics,Consumer & institutional Products,0.007159967,0.00751
554,"MENABS, ASA, SANConsumer & institutional Products",MEN,Middle East & North Africa,"ABS, ASA, SAN",Consumer & institutional Products,0.177055049,0.185796
555,MENOtherBuilding & construction,MEN,Middle East & North Africa,Other,Building & construction,0.092140039,0.506342
556,"MENLDPE, LLDPEBuilding & construction",MEN,Middle East & North Africa,"LDPE, LLDPE",Building & construction,0.028853577,0.166292
557,MENHDPEBuilding & construction,MEN,Middle East & North Africa,HDPE,Building & construction,0.087103124,0.51593
558,MENPPBuilding & construction,MEN,Middle East & North Africa,PP,Building & construction,0.046942784,0.269457
559,MENPSBuilding & construction,MEN,Middle East & North Africa,PS,Building & construction,0.058054929,0.320391
560,MENPVCBuilding & construction,MEN,Middle East & North Africa,PVC,Building & construction,0.317720822,1.795908
561,MENPURBuilding & construction,MEN,Middle East & North Africa,PUR,Building & construction,0.049410864,0.270719
562,MENBioplasticsBuilding & construction,MEN,Middle East & North Africa,Bioplastics,Building & construction,0.000896019,0.004916
563,"MENABS, ASA, SANBuilding & construction",MEN,Middle East & North Africa,"ABS, ASA, SAN",Building & construction,0.002650071,0.014511
564,MENOtherElectrical/electronics,MEN,Middle East & North Africa,Other,Electrical/electronics,0.210722092,0.178245
565,"MENLDPE, LLDPEElectrical/electronics",MEN,Middle East & North Africa,"LDPE, LLDPE",Electrical/electronics,0.057418935,0.048584
566,MENHDPEElectrical/electronics,MEN,Middle East & North Africa,HDPE,Electrical/electronics,0.01807329,0.015209
567,MENPPElectrical/electronics,MEN,Middle East & North Africa,PP,Electrical/electronics,0.134204315,0.113499
568,MENPSElectrical/electronics,MEN,Middle East & North Africa,PS,Electrical/electronics,0.062917587,0.053339
569,MENPVCElectrical/electronics,MEN,Middle East & North Africa,PVC,Electrical/electronics,0.053944633,0.045705
570,MENPURElectrical/electronics,MEN,Middle East & North Africa,PUR,Electrical/electronics,0.033362321,0.028224
571,MENBioplasticsElectrical/electronics,MEN,Middle East & North Africa,Bioplastics,Electrical/electronics,0.001758479,0.001487
572,"MENABS, ASA, SANElectrical/electronics",MEN,Middle East & North Africa,"ABS, ASA, SAN",Electrical/electronics,0.093412386,0.079025
573,MENOtherTransportation - other,MEN,Middle East & North Africa,Other,Transportation - other,0.877457839,1.231632
574,"MENLDPE, LLDPETransportation - other",MEN,Middle East & North Africa,"LDPE, LLDPE",Transportation - other,0.0157003,0.022145
575,MENHDPETransportation - other,MEN,Middle East & North Africa,HDPE,Transportation - other,0.071086175,0.100504
576,MENPPTransportation - other,MEN,Middle East & North Africa,PP,Transportation - other,0.326660349,0.459349
577,MENPVCTransportation - other,MEN,Middle East & North Africa,PVC,Transportation - other,0.044955607,0.063182
578,MENPURTransportation - other,MEN,Middle East & North Africa,PUR,Transportation - other,0.105706108,0.14834
579,MENFibresTransportation - other,MEN,Middle East & North Africa,Fibres,Transportation - other,0.187903121,0.263689
580,MENBioplasticsTransportation - other,MEN,Middle East & North Africa,Bioplastics,Transportation - other,0.005132285,0.0072
581,"MENABS, ASA, SANTransportation - other",MEN,Middle East & North Africa,"ABS, ASA, SAN",Transportation - other,0.046155228,0.064771
582,MENMarine coatingsMarine coatings,MEN,Middle East & North Africa,Marine coatings,Marine coatings,0.036669431,0.028988
583,"MENLDPE, LLDPEIndustrial/machinery",MEN,Middle East & North Africa,"LDPE, LLDPE",Industrial/machinery,5.986e-06,0.000299
584,MENHDPEIndustrial/machinery,MEN,Middle East & North Africa,HDPE,Industrial/machinery,5.618e-06,0.000379
585,MENPPIndustrial/machinery,MEN,Middle East & North Africa,PP,Industrial/machinery,8.213e-06,0.000351
586,MENPURIndustrial/machinery,MEN,Middle East & North Africa,PUR,Industrial/machinery,4.7584e-05,4e-06
587,MENHDPEPersonal care products,MEN,Middle East & North Africa,HDPE,Personal care products,4.53e-07,
588,MENPPPersonal care products,MEN,Middle East & North Africa,PP,Personal care products,1.2e-08,
589,MENFibresTextile sector - clothing,MEN,Middle East & North Africa,Fibres,Textile sector - clothing,1.143845618,1.126851
590,MENBioplasticsTextile sector - clothing,MEN,Middle East & North Africa,Bioplastics,Textile sector - clothing,0.010412209,0.010233
591,MENFibresTextile sector - others,MEN,Middle East & North Africa,Fibres,Textile sector - others,0.725936917,0.715079
592,MENRoad marking coatingsRoad marking,MEN,Middle East & North Africa,Road marking coatings,Road marking,0.033869896,0.043455
593,MENElastomers (tyres)Transportation - tyres,MEN,Middle East & North Africa,Elastomers (tyres),Transportation - tyres,0.291108491,0.381886
594,OAFOtherOther,OAF,Other Africa,Other,Other,1.63802619,1.780374
595,"OAFLDPE, LLDPEOther",OAF,Other Africa,"LDPE, LLDPE",Other,0.247591748,0.27506
596,OAFHDPEOther,OAF,Other Africa,HDPE,Other,0.188663341,0.208731
597,OAFPSOther,OAF,Other Africa,PS,Other,0.09922775,0.106738
598,OAFPVCOther,OAF,Other Africa,PVC,Other,0.324727176,0.349708
599,OAFPUROther,OAF,Other Africa,PUR,Other,0.276468409,0.296135
600,OAFFibresOther,OAF,Other Africa,Fibres,Other,0.558913957,0.619723
601,OAFBioplasticsOther,OAF,Other Africa,Bioplastics,Other,0.013321837,0.014264
602,"OAFABS, ASA, SANOther",OAF,Other Africa,"ABS, ASA, SAN",Other,0.038140117,0.041699
603,OAFOtherPackaging,OAF,Other Africa,Other,Packaging,0.092837799,0.093263
604,"OAFLDPE, LLDPEPackaging",OAF,Other Africa,"LDPE, LLDPE",Packaging,1.995605018,2.004919
605,OAFHDPEPackaging,OAF,Other Africa,HDPE,Packaging,1.690329856,1.696999
606,OAFPPPackaging,OAF,Other Africa,PP,Packaging,2.126296182,2.134786
607,OAFPSPackaging,OAF,Other Africa,PS,Packaging,0.367674705,0.367937
608,OAFPVCPackaging,OAF,Other Africa,PVC,Packaging,0.224209226,0.224179
609,OAFPETPackaging,OAF,Other Africa,PET,Packaging,1.325169219,1.330124
610,OAFPURPackaging,OAF,Other Africa,PUR,Packaging,0.020695738,0.020776
611,OAFBioplasticsPackaging,OAF,Other Africa,Bioplastics,Packaging,0.079080744,0.079375
612,OAFOtherConsumer & institutional Products,OAF,Other Africa,Other,Consumer & institutional Products,0.203316942,0.216142
613,"OAFLDPE, LLDPEConsumer & institutional Products",OAF,Other Africa,"LDPE, LLDPE",Consumer & institutional Products,0.38512972,0.40958
614,OAFHDPEConsumer & institutional Products,OAF,Other Africa,HDPE,Consumer & institutional Products,0.25174512,0.268257
615,OAFPPConsumer & institutional Products,OAF,Other Africa,PP,Consumer & institutional Products,0.822508322,0.875634
616,OAFPSConsumer & institutional Products,OAF,Other Africa,PS,Consumer & institutional Products,0.256402038,0.271653
617,OAFPVCConsumer & institutional Products,OAF,Other Africa,PVC,Consumer & institutional Products,0.122173776,0.129321
618,OAFPURConsumer & institutional Products,OAF,Other Africa,PUR,Consumer & institutional Products,0.108325254,0.115158
619,OAFBioplasticsConsumer & institutional Products,OAF,Other Africa,Bioplastics,Consumer & institutional Products,0.008318756,0.008842
620,"OAFABS, ASA, SANConsumer & institutional Products",OAF,Other Africa,"ABS, ASA, SAN",Consumer & institutional Products,0.205771539,0.218747
621,OAFOtherBuilding & construction,OAF,Other Africa,Other,Building & construction,0.005617178,0.058082
622,"OAFLDPE, LLDPEBuilding & construction",OAF,Other Africa,"LDPE, LLDPE",Building & construction,0.00176826,0.01932
623,OAFHDPEBuilding & construction,OAF,Other Africa,HDPE,Building & construction,0.005349839,0.060177
624,OAFPPBuilding & construction,OAF,Other Africa,PP,Building & construction,0.002875104,0.031246
625,OAFPSBuilding & construction,OAF,Other Africa,PS,Building & construction,0.004021528,0.03675
626,OAFPVCBuilding & construction,OAF,Other Africa,PVC,Building & construction,0.022759846,0.20819
627,OAFPURBuilding & construction,OAF,Other Africa,PUR,Building & construction,0.003011257,0.031023
628,OAFBioplasticsBuilding & construction,OAF,Other Africa,Bioplastics,Building & construction,5.3984e-05,0.000563
629,"OAFABS, ASA, SANBuilding & construction",OAF,Other Africa,"ABS, ASA, SAN",Building & construction,0.000161494,0.001663
630,OAFOtherElectrical/electronics,OAF,Other Africa,Other,Electrical/electronics,0.198790556,0.231869
631,"OAFLDPE, LLDPEElectrical/electronics",OAF,Other Africa,"LDPE, LLDPE",Electrical/electronics,0.053972837,0.063146
632,OAFHDPEElectrical/electronics,OAF,Other Africa,HDPE,Electrical/electronics,0.016758247,0.019724
633,OAFPPElectrical/electronics,OAF,Other Africa,PP,Electrical/electronics,0.125954198,0.147454
634,OAFPSElectrical/electronics,OAF,Other Africa,PS,Electrical/electronics,0.059757533,0.069385
635,OAFPVCElectrical/electronics,OAF,Other Africa,PVC,Electrical/electronics,0.051264341,0.059437
636,OAFPURElectrical/electronics,OAF,Other Africa,PUR,Electrical/electronics,0.031486734,0.036717
637,OAFBioplasticsElectrical/electronics,OAF,Other Africa,Bioplastics,Electrical/electronics,0.00165927,0.001935
638,"OAFABS, ASA, SANElectrical/electronics",OAF,Other Africa,"ABS, ASA, SAN",Electrical/electronics,0.088160859,0.102806
639,OAFOtherTransportation - other,OAF,Other Africa,Other,Transportation - other,0.385499483,0.63658
640,"OAFLDPE, LLDPETransportation - other",OAF,Other Africa,"LDPE, LLDPE",Transportation - other,0.00692739,0.011492
641,OAFHDPETransportation - other,OAF,Other Africa,HDPE,Transportation - other,0.031426432,0.052325
642,OAFPPTransportation - other,OAF,Other Africa,PP,Transportation - other,0.143743556,0.237342
643,OAFPVCTransportation - other,OAF,Other Africa,PVC,Transportation - other,0.020011273,0.032645
644,OAFPURTransportation - other,OAF,Other Africa,PUR,Transportation - other,0.04643142,0.076646
645,OAFFibresTransportation - other,OAF,Other Africa,Fibres,Transportation - other,0.082536468,0.136246
646,OAFBioplasticsTransportation - other,OAF,Other Africa,Bioplastics,Transportation - other,0.002252515,0.00372
647,"OAFABS, ASA, SANTransportation - other",OAF,Other Africa,"ABS, ASA, SAN",Transportation - other,0.02027369,0.033467
648,OAFMarine coatingsMarine coatings,OAF,Other Africa,Marine coatings,Marine coatings,0.035720249,0.038833
649,"OAFLDPE, LLDPEIndustrial/machinery",OAF,Other Africa,"LDPE, LLDPE",Industrial/machinery,5.027e-06,0.000224
650,OAFHDPEIndustrial/machinery,OAF,Other Africa,HDPE,Industrial/machinery,4.718e-06,0.000291
651,OAFPPIndustrial/machinery,OAF,Other Africa,PP,Industrial/machinery,6.897e-06,0.000266
652,OAFPURIndustrial/machinery,OAF,Other Africa,PUR,Industrial/machinery,8.565e-06,3e-06
653,OAFHDPEPersonal care products,OAF,Other Africa,HDPE,Personal care products,0.003291703,0.003296
654,OAFPPPersonal care products,OAF,Other Africa,PP,Personal care products,8.4957e-05,8.5e-05
655,OAFFibresTextile sector - clothing,OAF,Other Africa,Fibres,Textile sector - clothing,0.387065644,0.430362
656,OAFBioplasticsTextile sector - clothing,OAF,Other Africa,Bioplastics,Textile sector - clothing,0.003362681,0.003705
657,OAFFibresTextile sector - others,OAF,Other Africa,Fibres,Textile sector - others,0.703412042,0.777415
658,OAFRoad marking coatingsRoad marking,OAF,Other Africa,Road marking coatings,Road marking,0.032787498,0.03899
659,OAFElastomers (tyres)Transportation - tyres,OAF,Other Africa,Elastomers (tyres),Transportation - tyres,9.974e-05,
660,ODAOtherOther,ODA,Other non-OECD Asia,Other,Other,1.70205441,2.017877
661,"ODALDPE, LLDPEOther",ODA,Other non-OECD Asia,"LDPE, LLDPE",Other,0.269289747,0.32434
662,ODAHDPEOther,ODA,Other non-OECD Asia,HDPE,Other,0.211546802,0.258865
663,ODAPSOther,ODA,Other non-OECD Asia,PS,Other,0.104588337,0.123218
664,ODAPVCOther,ODA,Other non-OECD Asia,PVC,Other,0.336654543,0.414585
665,ODAPUROther,ODA,Other non-OECD Asia,PUR,Other,0.286231272,0.333227
666,ODAFibresOther,ODA,Other non-OECD Asia,Fibres,Other,0.578341684,0.70345
667,ODABioplasticsOther,ODA,Other non-OECD Asia,Bioplastics,Other,0.0133537,0.016351
668,"ODAABS, ASA, SANOther",ODA,Other non-OECD Asia,"ABS, ASA, SAN",Other,0.03945186,0.046989
669,ODAOtherPackaging,ODA,Other non-OECD Asia,Other,Packaging,0.105813181,0.103574
670,"ODALDPE, LLDPEPackaging",ODA,Other non-OECD Asia,"LDPE, LLDPE",Packaging,2.306397132,2.265201
671,ODAHDPEPackaging,ODA,Other non-OECD Asia,HDPE,Packaging,2.099810412,2.058593
672,ODAPPPackaging,ODA,Other non-OECD Asia,PP,Packaging,2.497185769,2.457221
673,ODAPSPackaging,ODA,Other non-OECD Asia,PS,Packaging,0.414873274,0.399285
674,ODAPVCPackaging,ODA,Other non-OECD Asia,PVC,Packaging,0.244830965,0.24306
675,ODAPETPackaging,ODA,Other non-OECD Asia,PET,Packaging,1.611027661,1.579226
676,ODAPURPackaging,ODA,Other non-OECD Asia,PUR,Packaging,0.023034614,0.022526
677,ODABioplasticsPackaging,ODA,Other non-OECD Asia,Bioplastics,Packaging,0.085563405,0.08606
678,ODAOtherConsumer & institutional Products,ODA,Other non-OECD Asia,Other,Consumer & institutional Products,0.217714084,0.239152
679,"ODALDPE, LLDPEConsumer & institutional Products",ODA,Other non-OECD Asia,"LDPE, LLDPE",Consumer & institutional Products,0.414575932,0.45734
680,ODAHDPEConsumer & institutional Products,ODA,Other non-OECD Asia,HDPE,Consumer & institutional Products,0.287214985,0.31785
681,ODAPPConsumer & institutional Products,ODA,Other non-OECD Asia,PP,Consumer & institutional Products,0.909745523,1.008524
682,ODAPSConsumer & institutional Products,ODA,Other non-OECD Asia,PS,Consumer & institutional Products,0.278504605,0.30057
683,ODAPVCConsumer & institutional Products,ODA,Other non-OECD Asia,PVC,Consumer & institutional Products,0.128009779,0.142987
684,ODAPURConsumer & institutional Products,ODA,Other non-OECD Asia,PUR,Consumer & institutional Products,0.115985879,0.12741
685,ODABioplasticsConsumer & institutional Products,ODA,Other non-OECD Asia,Bioplastics,Consumer & institutional Products,0.008618048,0.009776
686,"ODAABS, ASA, SANConsumer & institutional Products",ODA,Other non-OECD Asia,"ABS, ASA, SAN",Consumer & institutional Products,0.220189475,0.241864
687,ODAOtherBuilding & construction,ODA,Other non-OECD Asia,Other,Building & construction,0.045818588,0.719166
688,"ODALDPE, LLDPEBuilding & construction",ODA,Other non-OECD Asia,"LDPE, LLDPE",Building & construction,0.01411838,0.229093
689,ODAHDPEBuilding & construction,ODA,Other non-OECD Asia,HDPE,Building & construction,0.042552879,0.696195
690,ODAPPBuilding & construction,ODA,Other non-OECD Asia,PP,Building & construction,0.02296687,0.372525
691,ODAPSBuilding & construction,ODA,Other non-OECD Asia,PS,Building & construction,0.031586706,0.454969
692,ODAPVCBuilding & construction,ODA,Other non-OECD Asia,PVC,Building & construction,0.144662656,2.508056
693,ODAPURBuilding & construction,ODA,Other non-OECD Asia,PUR,Building & construction,0.024571709,0.385299
694,ODABioplasticsBuilding & construction,ODA,Other non-OECD Asia,Bioplastics,Building & construction,0.000358493,0.006999
695,"ODAABS, ASA, SANBuilding & construction",ODA,Other non-OECD Asia,"ABS, ASA, SAN",Building & construction,0.001317887,0.020661
696,ODAOtherElectrical/electronics,ODA,Other non-OECD Asia,Other,Electrical/electronics,0.293873086,0.453628
697,"ODALDPE, LLDPEElectrical/electronics",ODA,Other non-OECD Asia,"LDPE, LLDPE",Electrical/electronics,0.08011684,0.125797
698,ODAHDPEElectrical/electronics,ODA,Other non-OECD Asia,HDPE,Electrical/electronics,0.025303798,0.040815
699,ODAPPElectrical/electronics,ODA,Other non-OECD Asia,PP,Electrical/electronics,0.187391608,0.295117
700,ODAPSElectrical/electronics,ODA,Other non-OECD Asia,PS,Electrical/electronics,0.089463478,0.135743
701,ODAPVCElectrical/electronics,ODA,Other non-OECD Asia,PVC,Electrical/electronics,0.074149953,0.116265
702,ODAPURElectrical/electronics,ODA,Other non-OECD Asia,PUR,Electrical/electronics,0.046519878,0.071733
703,ODABioplasticsElectrical/electronics,ODA,Other non-OECD Asia,Bioplastics,Electrical/electronics,0.00237627,0.00378
704,"ODAABS, ASA, SANElectrical/electronics",ODA,Other non-OECD Asia,"ABS, ASA, SAN",Electrical/electronics,0.130252711,0.200847
705,ODAOtherTransportation - other,ODA,Other non-OECD Asia,Other,Transportation - other,1.981901883,4.220509
706,"ODALDPE, LLDPETransportation - other",ODA,Other non-OECD Asia,"LDPE, LLDPE",Transportation - other,0.035539034,0.076338
707,ODAHDPETransportation - other,ODA,Other non-OECD Asia,HDPE,Transportation - other,0.161280926,0.348381
708,ODAPPTransportation - other,ODA,Other non-OECD Asia,PP,Transportation - other,0.737527596,1.573336
709,ODAPVCTransportation - other,ODA,Other non-OECD Asia,PVC,Transportation - other,0.100712118,0.216406
710,ODAPURTransportation - other,ODA,Other non-OECD Asia,PUR,Transportation - other,0.238712125,0.508086
711,ODAFibresTransportation - other,ODA,Other non-OECD Asia,Fibres,Transportation - other,0.424334546,0.903174
712,ODABioplasticsTransportation - other,ODA,Other non-OECD Asia,Bioplastics,Transportation - other,0.011416085,0.02466
713,"ODAABS, ASA, SANTransportation - other",ODA,Other non-OECD Asia,"ABS, ASA, SAN",Transportation - other,0.104230615,0.221849
714,ODAMarine coatingsMarine coatings,ODA,Other non-OECD Asia,Marine coatings,Marine coatings,0.036486199,0.046077
715,"ODALDPE, LLDPEIndustrial/machinery",ODA,Other non-OECD Asia,"LDPE, LLDPE",Industrial/machinery,0.000731752,0.000912
716,ODAHDPEIndustrial/machinery,ODA,Other non-OECD Asia,HDPE,Industrial/machinery,0.000686819,0.001056
717,ODAPPIndustrial/machinery,ODA,Other non-OECD Asia,PP,Industrial/machinery,0.00100402,0.001148
718,ODAPURIndustrial/machinery,ODA,Other non-OECD Asia,PUR,Industrial/machinery,0.001036079,1.6e-05
719,ODAHDPEPersonal care products,ODA,Other non-OECD Asia,HDPE,Personal care products,0.003854417,0.00385
720,ODAPPPersonal care products,ODA,Other non-OECD Asia,PP,Personal care products,9.948e-05,9.9e-05
721,ODAFibresTextile sector - clothing,ODA,Other non-OECD Asia,Fibres,Textile sector - clothing,2.999864851,3.594676
722,ODABioplasticsTextile sector - clothing,ODA,Other non-OECD Asia,Bioplastics,Textile sector - clothing,0.026974944,0.032486
723,ODAFibresTextile sector - others,ODA,Other non-OECD Asia,Fibres,Textile sector - others,1.101416516,1.307915
724,ODARoad marking coatingsRoad marking,ODA,Other non-OECD Asia,Road marking coatings,Road marking,0.034081794,0.043771
725,ODAElastomers (tyres)Transportation - tyres,ODA,Other non-OECD Asia,Elastomers (tyres),Transportation - tyres,0.692479473,1.380471
1034,USA1OtherOther,USA1,United States,Other,Other,5.930264032,6.481506
1035,"USA1LDPE, LLDPEOther",USA1,United States,"LDPE, LLDPE",Other,0.893259545,1.002331
1036,USA1HDPEOther,USA1,United States,HDPE,Other,0.651075992,0.747683
1037,USA1PSOther,USA1,United States,PS,Other,0.35765324,0.396531
1038,USA1PVCOther,USA1,United States,PVC,Other,1.171209936,1.306193
1039,USA1PUROther,USA1,United States,PUR,Other,1.000325195,1.094271
1040,USA1FibresOther,USA1,United States,Fibres,Other,2.023131556,2.208468
1041,USA1BioplasticsOther,USA1,United States,Bioplastics,Other,0.048293326,0.052928
1042,"USA1ABS, ASA, SANOther",USA1,United States,"ABS, ASA, SAN",Other,0.138050053,0.150402
1044,USA1OtherPackaging,USA1,United States,Other,Packaging,0.320474666,0.32223
1045,"USA1LDPE, LLDPEPackaging",USA1,United States,"LDPE, LLDPE",Packaging,6.917506829,6.971131
1046,USA1HDPEPackaging,USA1,United States,HDPE,Packaging,5.889112171,5.931305
1047,USA1PPPackaging,USA1,United States,PP,Packaging,6.850399166,6.900393
1048,USA1PSPackaging,USA1,United States,PS,Packaging,1.244474571,1.253263
1049,USA1PVCPackaging,USA1,United States,PVC,Packaging,0.75985255,0.763322
1050,USA1PETPackaging,USA1,United States,PET,Packaging,4.647817269,4.680799
1051,USA1PURPackaging,USA1,United States,PUR,Packaging,0.070387626,0.070743
1052,USA1BioplasticsPackaging,USA1,United States,Bioplastics,Packaging,0.269273262,0.270269
1054,USA1OtherConsumer & institutional Products,USA1,United States,Other,Consumer & institutional Products,0.732464696,0.791553
1055,"USA1LDPE, LLDPEConsumer & institutional Products",USA1,United States,"LDPE, LLDPE",Consumer & institutional Products,1.391487556,1.507973
1056,USA1HDPEConsumer & institutional Products,USA1,United States,HDPE,Consumer & institutional Products,0.928496259,1.009262
1057,USA1PPConsumer & institutional Products,USA1,United States,PP,Consumer & institutional Products,2.826773219,3.062724
1058,USA1PSConsumer & institutional Products,USA1,United States,PS,Consumer & institutional Products,0.918717809,0.99484
1059,USA1PVCConsumer & institutional Products,USA1,United States,PVC,Consumer & institutional Products,0.438286155,0.473395
1060,USA1PURConsumer & institutional Products,USA1,United States,PUR,Consumer & institutional Products,0.390079101,0.42154
1061,USA1BioplasticsConsumer & institutional Products,USA1,United States,Bioplastics,Consumer & institutional Products,0.029991486,0.032367
1062,"USA1ABS, ASA, SANConsumer & institutional Products",USA1,United States,"ABS, ASA, SAN",Consumer & institutional Products,0.741004311,0.800749
1064,USA1OtherBuilding & construction,USA1,United States,Other,Building & construction,0.511835696,1.310488
1065,"USA1LDPE, LLDPEBuilding & construction",USA1,United States,"LDPE, LLDPE",Building & construction,0.160991167,0.442026
1066,USA1HDPEBuilding & construction,USA1,United States,HDPE,Building & construction,0.48647221,1.379379
1067,USA1PPBuilding & construction,USA1,United States,PP,Building & construction,0.261531236,0.709284
1068,USA1PSBuilding & construction,USA1,United States,PS,Building & construction,0.322824652,0.829173
1069,USA1PVCBuilding & construction,USA1,United States,PVC,Building & construction,1.775594388,4.724195
1070,USA1PURBuilding & construction,USA1,United States,PUR,Building & construction,0.274394236,0.699159
1071,USA1BioplasticsBuilding & construction,USA1,United States,Bioplastics,Building & construction,0.004982348,0.012694
1072,"USA1ABS, ASA, SANBuilding & construction",USA1,United States,"ABS, ASA, SAN",Building & construction,0.014716433,0.037472
1074,USA1OtherElectrical/electronics,USA1,United States,Other,Electrical/electronics,0.988431525,1.085969
1075,"USA1LDPE, LLDPEElectrical/electronics",USA1,United States,"LDPE, LLDPE",Electrical/electronics,0.264759367,0.291946
1076,USA1HDPEElectrical/electronics,USA1,United States,HDPE,Electrical/electronics,0.080598042,0.089308
1077,USA1PPElectrical/electronics,USA1,United States,PP,Electrical/electronics,0.618005441,0.682365
1078,USA1PSElectrical/electronics,USA1,United States,PS,Electrical/electronics,0.295203425,0.32497
1079,USA1PVCElectrical/electronics,USA1,United States,PVC,Electrical/electronics,0.254770723,0.280166
1080,USA1PURElectrical/electronics,USA1,United States,PUR,Electrical/electronics,0.156700035,0.172144
1081,USA1BioplasticsElectrical/electronics,USA1,United States,Bioplastics,Electrical/electronics,0.008269091,0.009071
1082,"USA1ABS, ASA, SANElectrical/electronics",USA1,United States,"ABS, ASA, SAN",Electrical/electronics,0.438750167,0.481993
1084,USA1OtherTransportation - other,USA1,United States,Other,Transportation - other,4.361721544,5.279013
1085,"USA1LDPE, LLDPETransportation - other",USA1,United States,"LDPE, LLDPE",Transportation - other,0.077904873,0.094732
1086,USA1HDPETransportation - other,USA1,United States,HDPE,Transportation - other,0.352148112,0.429155
1087,USA1PPTransportation - other,USA1,United States,PP,Transportation - other,1.624045197,1.96916
1088,USA1PVCTransportation - other,USA1,United States,PVC,Transportation - other,0.223933111,0.27085
1089,USA1PURTransportation - other,USA1,United States,PUR,Transportation - other,0.525524399,0.635912
1090,USA1FibresTransportation - other,USA1,United States,Fibres,Transportation - other,0.93417189,1.130396
1091,USA1BioplasticsTransportation - other,USA1,United States,Bioplastics,Transportation - other,0.02555105,0.030864
1092,"USA1ABS, ASA, SANTransportation - other",USA1,United States,"ABS, ASA, SAN",Transportation - other,0.229463549,0.277663
1094,USA1Marine coatingsMarine coatings,USA1,United States,Marine coatings,Marine coatings,0.105685317,0.116666
1096,"USA1LDPE, LLDPEIndustrial/machinery",USA1,United States,"LDPE, LLDPE",Industrial/machinery,0.085231894,0.133843
1097,USA1HDPEIndustrial/machinery,USA1,United States,HDPE,Industrial/machinery,0.079662105,0.130093
1098,USA1PPIndustrial/machinery,USA1,United States,PP,Industrial/machinery,0.117596017,0.182318
1099,USA1PURIndustrial/machinery,USA1,United States,PUR,Industrial/machinery,0.112854481,0.161848
1101,USA1HDPEPersonal care products,USA1,United States,HDPE,Personal care products,0.003379267,0.003398
1102,USA1PPPersonal care products,USA1,United States,PP,Personal care products,8.7217e-05,8.8e-05
1104,USA1FibresTextile sector - clothing,USA1,United States,Fibres,Textile sector - clothing,5.142094374,5.429985
1105,USA1BioplasticsTextile sector - clothing,USA1,United States,Bioplastics,Textile sector - clothing,0.046574621,0.04885
1107,USA1FibresTextile sector - others,USA1,United States,Fibres,Textile sector - others,2.808171899,2.964577
1109,USA1Road marking coatingsRoad marking,USA1,United States,Road marking coatings,Road marking,0.097256629,0.108632
1111,USA1Elastomers (tyres)Transportation - tyres,USA1,United States,Elastomers (tyres),Transportation - tyres,1.389308414,1.647885
1128,CAN1OtherOther,CAN1,Canada,Other,Other,0.541666662,0.553368
1129,"CAN1LDPE, LLDPEOther",CAN1,Canada,"LDPE, LLDPE",Other,0.086287601,0.091311
1130,CAN1HDPEOther,CAN1,Canada,HDPE,Other,0.066550604,0.070786
1131,CAN1PSOther,CAN1,Canada,PS,Other,0.032590332,0.033737
1132,CAN1PVCOther,CAN1,Canada,PVC,Other,0.109039715,0.112473
1133,CAN1PUROther,CAN1,Canada,PUR,Other,0.090980713,0.091863
1134,CAN1FibresOther,CAN1,Canada,Fibres,Other,0.183960693,0.193934
1135,CAN1BioplasticsOther,CAN1,Canada,Bioplastics,Other,0.004364999,0.004426
1136,"CAN1ABS, ASA, SANOther",CAN1,Canada,"ABS, ASA, SAN",Other,0.012553275,0.012975
1138,CAN1OtherPackaging,CAN1,Canada,Other,Packaging,0.029714143,0.029678
1139,"CAN1LDPE, LLDPEPackaging",CAN1,Canada,"LDPE, LLDPE",Packaging,0.638839313,0.645642
1140,CAN1HDPEPackaging,CAN1,Canada,HDPE,Packaging,0.555581626,0.561437
1141,CAN1PPPackaging,CAN1,Canada,PP,Packaging,0.62367436,0.630416
1142,CAN1PSPackaging,CAN1,Canada,PS,Packaging,0.11421821,0.114662
1143,CAN1PVCPackaging,CAN1,Canada,PVC,Packaging,0.069333267,0.069813
1144,CAN1PETPackaging,CAN1,Canada,PET,Packaging,0.426274092,0.4307
1145,CAN1PURPackaging,CAN1,Canada,PUR,Packaging,0.006476749,0.00647
1146,CAN1BioplasticsPackaging,CAN1,Canada,Bioplastics,Packaging,0.02463529,0.024719
1148,CAN1OtherConsumer & institutional Products,CAN1,Canada,Other,Consumer & institutional Products,0.066572881,0.069854
1149,"CAN1LDPE, LLDPEConsumer & institutional Products",CAN1,Canada,"LDPE, LLDPE",Consumer & institutional Products,0.126123251,0.134035
1150,CAN1HDPEConsumer & institutional Products,CAN1,Canada,HDPE,Consumer & institutional Products,0.087601105,0.093382
1151,CAN1PPConsumer & institutional Products,CAN1,Canada,PP,Consumer & institutional Products,0.255148635,0.271077
1152,CAN1PSConsumer & institutional Products,CAN1,Canada,PS,Consumer & institutional Products,0.083251061,0.087794
1153,CAN1PVCConsumer & institutional Products,CAN1,Canada,PVC,Consumer & institutional Products,0.039472747,0.041753
1154,CAN1PURConsumer & institutional Products,CAN1,Canada,PUR,Consumer & institutional Products,0.035445958,0.037192
1155,CAN1BioplasticsConsumer & institutional Products,CAN1,Canada,Bioplastics,Consumer & institutional Products,0.002707878,0.002855
1156,"CAN1ABS, ASA, SANConsumer & institutional Products",CAN1,Canada,"ABS, ASA, SAN",Consumer & institutional Products,0.06731117,0.070626
1158,CAN1OtherBuilding & construction,CAN1,Canada,Other,Building & construction,0.045138881,0.117724
1159,"CAN1LDPE, LLDPEBuilding & construction",CAN1,Canada,"LDPE, LLDPE",Building & construction,0.014036152,0.040734
1160,CAN1HDPEBuilding & construction,CAN1,Canada,HDPE,Building & construction,0.042497026,0.128419
1161,CAN1PPBuilding & construction,CAN1,Canada,PP,Building & construction,0.022787574,0.065146
1162,CAN1PSBuilding & construction,CAN1,Canada,PS,Building & construction,0.028325593,0.074485
1163,CAN1PVCBuilding & construction,CAN1,Canada,PVC,Building & construction,0.154796327,0.430336
1164,CAN1PURBuilding & construction,CAN1,Canada,PUR,Building & construction,0.024191931,0.062691
1165,CAN1BioplasticsBuilding & construction,CAN1,Canada,Bioplastics,Building & construction,0.000433126,0.001138
1166,"CAN1ABS, ASA, SANBuilding & construction",CAN1,Canada,"ABS, ASA, SAN",Building & construction,0.001297411,0.003359
1168,CAN1OtherElectrical/electronics,CAN1,Canada,Other,Electrical/electronics,0.089394895,0.091623
1169,"CAN1LDPE, LLDPEElectrical/electronics",CAN1,Canada,"LDPE, LLDPE",Electrical/electronics,0.023652487,0.024538
1170,CAN1HDPEElectrical/electronics,CAN1,Canada,HDPE,Electrical/electronics,0.007151487,0.007432
1171,CAN1PPElectrical/electronics,CAN1,Canada,PP,Electrical/electronics,0.055147691,0.05725
1172,CAN1PSElectrical/electronics,CAN1,Canada,PS,Electrical/electronics,0.0266203,0.027418
1173,CAN1PVCElectrical/electronics,CAN1,Canada,PVC,Electrical/electronics,0.022834728,0.023609
1174,CAN1PURElectrical/electronics,CAN1,Canada,PUR,Electrical/electronics,0.014174992,0.014528
1175,CAN1BioplasticsElectrical/electronics,CAN1,Canada,Bioplastics,Electrical/electronics,0.000743709,0.000766
1176,"CAN1ABS, ASA, SANElectrical/electronics",CAN1,Canada,"ABS, ASA, SAN",Electrical/electronics,0.039689081,0.040678
1178,CAN1OtherTransportation - other,CAN1,Canada,Other,Transportation - other,0.390421366,0.457229
1179,"CAN1LDPE, LLDPETransportation - other",CAN1,Canada,"LDPE, LLDPE",Transportation - other,0.00692177,0.008221
1180,CAN1HDPETransportation - other,CAN1,Canada,HDPE,Transportation - other,0.031324697,0.037303
1181,CAN1PPTransportation - other,CAN1,Canada,PP,Transportation - other,0.144074171,0.170528
1182,CAN1PVCTransportation - other,CAN1,Canada,PVC,Transportation - other,0.019889752,0.023455
1183,CAN1PURTransportation - other,CAN1,Canada,PUR,Transportation - other,0.047034886,0.05507
1184,CAN1FibresTransportation - other,CAN1,Canada,Fibres,Transportation - other,0.083609188,0.097892
1185,CAN1BioplasticsTransportation - other,CAN1,Canada,Bioplastics,Transportation - other,0.002276086,0.002673
1186,"CAN1ABS, ASA, SANTransportation - other",CAN1,Canada,"ABS, ASA, SAN",Transportation - other,0.020537185,0.024045
1188,CAN1Marine coatingsMarine coatings,CAN1,Canada,Marine coatings,Marine coatings,0.00958061,0.009828
1190,"CAN1LDPE, LLDPEIndustrial/machinery",CAN1,Canada,"LDPE, LLDPE",Industrial/machinery,0.007535346,0.011113
1191,CAN1HDPEIndustrial/machinery,CAN1,Canada,HDPE,Industrial/machinery,0.007066418,0.010772
1192,CAN1PPIndustrial/machinery,CAN1,Canada,PP,Industrial/machinery,0.010374028,0.015115
1193,CAN1PURIndustrial/machinery,CAN1,Canada,PUR,Industrial/machinery,0.009981904,0.013456
1195,CAN1HDPEPersonal care products,CAN1,Canada,HDPE,Personal care products,0.0002526,0.000254
1196,CAN1PPPersonal care products,CAN1,Canada,PP,Personal care products,6.519e-06,7e-06
1198,CAN1FibresTextile sector - clothing,CAN1,Canada,Fibres,Textile sector - clothing,0.459363157,0.48769
1199,CAN1BioplasticsTextile sector - clothing,CAN1,Canada,Bioplastics,Textile sector - clothing,0.004211598,0.004477
1201,CAN1FibresTextile sector - others,CAN1,Canada,Fibres,Textile sector - others,0.251120277,0.266282
1203,CAN1Road marking coatingsRoad marking,CAN1,Canada,Road marking coatings,Road marking,0.008871901,0.009707
1205,CAN1Elastomers (tyres)Transportation - tyres,CAN1,Canada,Elastomers (tyres),Transportation - tyres,0.124102178,0.134995
1222,CHN1OtherOther,CHN1,China,Other,Other,5.161482845,6.342736
1223,"CHN1LDPE, LLDPEOther",CHN1,China,"LDPE, LLDPE",Other,0.895942875,1.150969
1224,CHN1HDPEOther,CHN1,China,HDPE,Other,0.672558606,0.868792
1225,CHN1PSOther,CHN1,China,PS,Other,0.311387582,0.385078
1226,CHN1PVCOther,CHN1,China,PVC,Other,1.070140059,1.347723
1227,CHN1PUROther,CHN1,China,PUR,Other,0.861550633,1.049452
1228,CHN1FibresOther,CHN1,China,Fibres,Other,1.73814698,2.132628
1229,CHN1BioplasticsOther,CHN1,China,Bioplastics,Other,0.041311532,0.050597
1230,"CHN1ABS, ASA, SANOther",CHN1,China,"ABS, ASA, SAN",Other,0.118604149,0.144974
1232,CHN1OtherPackaging,CHN1,China,Other,Packaging,0.328659776,0.330178
1233,"CHN1LDPE, LLDPEPackaging",CHN1,China,"LDPE, LLDPE",Packaging,7.189437099,7.218645
1234,CHN1HDPEPackaging,CHN1,China,HDPE,Packaging,6.88071476,6.898125
1235,CHN1PPPackaging,CHN1,China,PP,Packaging,7.6415772,7.662625
1236,CHN1PSPackaging,CHN1,China,PS,Packaging,1.250682939,1.253537
1237,CHN1PVCPackaging,CHN1,China,PVC,Packaging,0.759024066,0.762566
1238,CHN1PETPackaging,CHN1,China,PET,Packaging,5.237851879,5.252116
1239,CHN1PURPackaging,CHN1,China,PUR,Packaging,0.070468854,0.070673
1240,CHN1BioplasticsPackaging,CHN1,China,Bioplastics,Packaging,0.268597272,0.270001
1242,CHN1OtherConsumer & institutional Products,CHN1,China,Other,Consumer & institutional Products,0.698473476,0.786477
1243,"CHN1LDPE, LLDPEConsumer & institutional Products",CHN1,China,"LDPE, LLDPE",Consumer & institutional Products,1.345606689,1.515682
1244,CHN1HDPEConsumer & institutional Products,CHN1,China,HDPE,Consumer & institutional Products,0.966375206,1.094172
1245,CHN1PPConsumer & institutional Products,CHN1,China,PP,Consumer & institutional Products,2.933757367,3.312263
1246,CHN1PSConsumer & institutional Products,CHN1,China,PS,Consumer & institutional Products,0.878455756,0.988501
1247,CHN1PVCConsumer & institutional Products,CHN1,China,PVC,Consumer & institutional Products,0.416607879,0.469942
1248,CHN1PURConsumer & institutional Products,CHN1,China,PUR,Consumer & institutional Products,0.372013535,0.41888
1249,CHN1BioplasticsConsumer & institutional Products,CHN1,China,Bioplastics,Consumer & institutional Products,0.028463502,0.032131
1250,"CHN1ABS, ASA, SANConsumer & institutional Products",CHN1,China,"ABS, ASA, SAN",Consumer & institutional Products,0.706014981,0.794909
1252,CHN1OtherBuilding & construction,CHN1,China,Other,Building & construction,0.098828176,2.143202
1253,"CHN1LDPE, LLDPEBuilding & construction",CHN1,China,"LDPE, LLDPE",Building & construction,0.031194082,0.68764
1254,CHN1HDPEBuilding & construction,CHN1,China,HDPE,Building & construction,0.093856802,2.077706
1255,CHN1PPBuilding & construction,CHN1,China,PP,Building & construction,0.05074763,1.116328
1256,CHN1PSBuilding & construction,CHN1,China,PS,Building & construction,0.062794935,1.356254
1257,CHN1PVCBuilding & construction,CHN1,China,PVC,Building & construction,0.336570422,7.500648
1258,CHN1PURBuilding & construction,CHN1,China,PUR,Building & construction,0.052994124,1.147081
1259,CHN1BioplasticsBuilding & construction,CHN1,China,Bioplastics,Building & construction,0.000928328,0.020834
1260,"CHN1ABS, ASA, SANBuilding & construction",CHN1,China,"ABS, ASA, SAN",Building & construction,0.002842223,0.061499
1262,CHN1OtherElectrical/electronics,CHN1,China,Other,Electrical/electronics,0.761061159,1.117708
1263,"CHN1LDPE, LLDPEElectrical/electronics",CHN1,China,"LDPE, LLDPE",Electrical/electronics,0.209279019,0.310763
1264,CHN1HDPEElectrical/electronics,CHN1,China,HDPE,Electrical/electronics,0.066762648,0.101526
1265,CHN1PPElectrical/electronics,CHN1,China,PP,Electrical/electronics,0.490143055,0.729918
1266,CHN1PSElectrical/electronics,CHN1,China,PS,Electrical/electronics,0.227923104,0.334487
1267,CHN1PVCElectrical/electronics,CHN1,China,PVC,Electrical/electronics,0.194904464,0.28689
1268,CHN1PURElectrical/electronics,CHN1,China,PUR,Electrical/electronics,0.120434849,0.176706
1269,CHN1BioplasticsElectrical/electronics,CHN1,China,Bioplastics,Electrical/electronics,0.006323304,0.009312
1270,"CHN1ABS, ASA, SANElectrical/electronics",CHN1,China,"ABS, ASA, SAN",Electrical/electronics,0.337209945,0.494765
1272,CHN1OtherTransportation - other,CHN1,China,Other,Transportation - other,2.527009083,5.407167
1273,"CHN1LDPE, LLDPETransportation - other",CHN1,China,"LDPE, LLDPE",Transportation - other,0.045606622,0.09836
1274,CHN1HDPETransportation - other,CHN1,China,HDPE,Transportation - other,0.206737038,0.447909
1275,CHN1PPTransportation - other,CHN1,China,PP,Transportation - other,0.943067559,2.01474
1276,CHN1PVCTransportation - other,CHN1,China,PVC,Transportation - other,0.129245578,0.277119
1277,CHN1PURTransportation - other,CHN1,China,PUR,Transportation - other,0.304284218,0.650631
1278,CHN1FibresTransportation - other,CHN1,China,Fibres,Transportation - other,0.540895463,1.156562
1279,CHN1BioplasticsTransportation - other,CHN1,China,Bioplastics,Transportation - other,0.014696759,0.031579
1280,"CHN1ABS, ASA, SANTransportation - other",CHN1,China,"ABS, ASA, SAN",Transportation - other,0.132861836,0.28409
1282,CHN1Marine coatingsMarine coatings,CHN1,China,Marine coatings,Marine coatings,0.071422694,0.087643
1284,"CHN1LDPE, LLDPEIndustrial/machinery",CHN1,China,"LDPE, LLDPE",Industrial/machinery,0.0359829,0.146321
1285,CHN1HDPEIndustrial/machinery,CHN1,China,HDPE,Industrial/machinery,0.033098145,0.137596
1286,CHN1PPIndustrial/machinery,CHN1,China,PP,Industrial/machinery,0.049925765,0.201741
1287,CHN1PURIndustrial/machinery,CHN1,China,PUR,Industrial/machinery,0.048246614,0.183055
1289,CHN1HDPEPersonal care products,CHN1,China,HDPE,Personal care products,0.003889475,0.003893
1290,CHN1PPPersonal care products,CHN1,China,PP,Personal care products,0.000100385,0.0001
1292,CHN1FibresTextile sector - clothing,CHN1,China,Fibres,Textile sector - clothing,4.968637858,5.961725
1293,CHN1BioplasticsTextile sector - clothing,CHN1,China,Bioplastics,Textile sector - clothing,0.043562425,0.0518
1295,CHN1FibresTextile sector - others,CHN1,China,Fibres,Textile sector - others,2.566361386,3.079042
1297,CHN1Road marking coatingsRoad marking,CHN1,China,Road marking coatings,Road marking,0.09843559,0.123329
1299,CHN1Elastomers (tyres)Transportation - tyres,CHN1,China,Elastomers (tyres),Transportation - tyres,0.685832028,1.384058
1316,IND1OtherOther,IND1,India,Other,Other,1.125413534,1.551865
1317,"IND1LDPE, LLDPEOther",IND1,India,"LDPE, LLDPE",Other,0.184712574,0.264436
1318,IND1HDPEOther,IND1,India,HDPE,Other,0.137553149,0.207987
1319,IND1PSOther,IND1,India,PS,Other,0.067714537,0.097977
1320,IND1PVCOther,IND1,India,PVC,Other,0.232415872,0.334774
1321,IND1PUROther,IND1,India,PUR,Other,0.189117734,0.265668
1322,IND1FibresOther,IND1,India,Fibres,Other,0.3816527,0.529879
1323,IND1BioplasticsOther,IND1,India,Bioplastics,Other,0.009059077,0.012877
1324,"IND1ABS, ASA, SANOther",IND1,India,"ABS, ASA, SAN",Other,0.026037859,0.035709
1326,IND1OtherPackaging,IND1,India,Other,Packaging,0.083504515,0.084198
1327,"IND1LDPE, LLDPEPackaging",IND1,India,"LDPE, LLDPE",Packaging,1.839058174,1.843166
1328,IND1HDPEPackaging,IND1,India,HDPE,Packaging,1.686113832,1.681848
1329,IND1PPPackaging,IND1,India,PP,Packaging,1.951409244,1.948092
1330,IND1PSPackaging,IND1,India,PS,Packaging,0.298896723,0.300983
1331,IND1PVCPackaging,IND1,India,PVC,Packaging,0.185289541,0.18311
1332,IND1PETPackaging,IND1,India,PET,Packaging,1.294758217,1.29177
1333,IND1PURPackaging,IND1,India,PUR,Packaging,0.016911456,0.01697
1334,IND1BioplasticsPackaging,IND1,India,Bioplastics,Packaging,0.06435067,0.064834
1336,IND1OtherConsumer & institutional Products,IND1,India,Other,Consumer & institutional Products,0.184076068,0.230839
1337,"IND1LDPE, LLDPEConsumer & institutional Products",IND1,India,"LDPE, LLDPE",Consumer & institutional Products,0.356089765,0.444317
1338,IND1HDPEConsumer & institutional Products,IND1,India,HDPE,Consumer & institutional Products,0.256134812,0.322044
1339,IND1PPConsumer & institutional Products,IND1,India,PP,Consumer & institutional Products,0.804664982,1.009453
1340,IND1PSConsumer & institutional Products,IND1,India,PS,Consumer & institutional Products,0.230573538,0.290122
1341,IND1PVCConsumer & institutional Products,IND1,India,PVC,Consumer & institutional Products,0.111648881,0.137946
1342,IND1PURConsumer & institutional Products,IND1,India,PUR,Consumer & institutional Products,0.098069078,0.122982
1343,IND1BioplasticsConsumer & institutional Products,IND1,India,Bioplastics,Consumer & institutional Products,0.007492788,0.009432
1344,"IND1ABS, ASA, SANConsumer & institutional Products",IND1,India,"ABS, ASA, SAN",Consumer & institutional Products,0.186086683,0.233336
1346,IND1OtherBuilding & construction,IND1,India,Other,Building & construction,0.020296654,0.546293
1347,"IND1LDPE, LLDPEBuilding & construction",IND1,India,"LDPE, LLDPE",Building & construction,0.006755017,0.173384
1348,IND1HDPEBuilding & construction,IND1,India,HDPE,Building & construction,0.020330592,0.524173
1349,IND1PPBuilding & construction,IND1,India,PP,Building & construction,0.010992713,0.282061
1350,IND1PSBuilding & construction,IND1,India,PS,Building & construction,0.012421553,0.345642
1351,IND1PVCBuilding & construction,IND1,India,PVC,Building & construction,0.080303864,1.900079
1352,IND1PURBuilding & construction,IND1,India,PUR,Building & construction,0.010887224,0.292807
1353,IND1BioplasticsBuilding & construction,IND1,India,Bioplastics,Building & construction,0.000190235,0.005319
1354,"IND1ABS, ASA, SANBuilding & construction",IND1,India,"ABS, ASA, SAN",Building & construction,0.000583948,0.015702
1356,IND1OtherElectrical/electronics,IND1,India,Other,Electrical/electronics,0.180946005,0.36786
1357,"IND1LDPE, LLDPEElectrical/electronics",IND1,India,"LDPE, LLDPE",Electrical/electronics,0.049945965,0.102761
1358,IND1HDPEElectrical/electronics,IND1,India,HDPE,Electrical/electronics,0.015763445,0.033774
1359,IND1PPElectrical/electronics,IND1,India,PP,Electrical/electronics,0.116757896,0.241244
1360,IND1PSElectrical/electronics,IND1,India,PS,Electrical/electronics,0.053903658,0.110078
1361,IND1PVCElectrical/electronics,IND1,India,PVC,Electrical/electronics,0.047290327,0.09411
1362,IND1PURElectrical/electronics,IND1,India,PUR,Electrical/electronics,0.028643002,0.058138
1363,IND1BioplasticsElectrical/electronics,IND1,India,Bioplastics,Electrical/electronics,0.001501542,0.003064
1364,"IND1ABS, ASA, SANElectrical/electronics",IND1,India,"ABS, ASA, SAN",Electrical/electronics,0.080198592,0.162783
1366,IND1OtherTransportation - other,IND1,India,Other,Transportation - other,0.703242015,2.092902
1367,"IND1LDPE, LLDPETransportation - other",IND1,India,"LDPE, LLDPE",Transportation - other,0.012755343,0.038008
1368,IND1HDPETransportation - other,IND1,India,HDPE,Transportation - other,0.057745224,0.172982
1369,IND1PPTransportation - other,IND1,India,PP,Transportation - other,0.264551656,0.779964
1370,IND1PVCTransportation - other,IND1,India,PVC,Transportation - other,0.036811739,0.107281
1371,IND1PURTransportation - other,IND1,India,PUR,Transportation - other,0.084699609,0.251878
1372,IND1FibresTransportation - other,IND1,India,Fibres,Transportation - other,0.15056198,0.447739
1373,IND1BioplasticsTransportation - other,IND1,India,Bioplastics,Transportation - other,0.004089058,0.012225
1374,"IND1ABS, ASA, SANTransportation - other",IND1,India,"ABS, ASA, SAN",Transportation - other,0.036983008,0.109979
1376,IND1Marine coatingsMarine coatings,IND1,India,Marine coatings,Marine coatings,0.036657722,0.058965
1378,"IND1LDPE, LLDPEIndustrial/machinery",IND1,India,"LDPE, LLDPE",Industrial/machinery,0.000175243,0.000365
1379,IND1HDPEIndustrial/machinery,IND1,India,HDPE,Industrial/machinery,0.000164482,0.000385
1380,IND1PPIndustrial/machinery,IND1,India,PP,Industrial/machinery,0.000240447,0.000466
1381,IND1PURIndustrial/machinery,IND1,India,PUR,Industrial/machinery,8.6582e-05,5e-06
1383,IND1HDPEPersonal care products,IND1,India,HDPE,Personal care products,0.004807577,0.004838
1384,IND1PPPersonal care products,IND1,India,PP,Personal care products,0.000124081,0.000125
1386,IND1FibresTextile sector - clothing,IND1,India,Fibres,Textile sector - clothing,3.375998966,4.784245
1387,IND1BioplasticsTextile sector - clothing,IND1,India,Bioplastics,Textile sector - clothing,0.030887659,0.043555
1389,IND1FibresTextile sector - others,IND1,India,Fibres,Textile sector - others,0.73787773,1.052462
1391,IND1Road marking coatingsRoad marking,IND1,India,Road marking coatings,Road marking,0.033475506,0.045302
1393,IND1Elastomers (tyres)Transportation - tyres,IND1,India,Elastomers (tyres),Transportation - tyres,0.199957619,0.553813
